algorithm,N,alpha,F1,stream_len,space,max_space,update_time_s,time_per_update_us,mean_absolute_error,max_absolute_error,median_absolute_error,mean_relative_error,max_relative_error,median_relative_error,nrmse,weighted_mean_rel_error,hh_precision,hh_recall,hh_f1,num_true_hh,num_est_hh
MisraGries,100000,1.5,50000,99998,39,150,0.015988332976121455,0.15988652749176438,3.1178526048284625,263.0,1.0,6.235705209656926e-05,0.00526,2e-05,0.0002697819016538629,0.0020363512,1.0,0.625,0.7692307692307693,8,5
LazySS±,100000,1.5,50000,99998,150,150,0.15053370798705146,1.5053671872142589,4.930749682337992,266.0,1.0,9.861499364675984e-05,0.00532,2e-05,0.0005160494667147417,0.0004803648,1.0,1.0,1.0,8,8
SS±,100000,1.5,50000,99998,150,150,0.1385627500130795,1.3856552132350597,4.893106734434562,262.0,1.0,9.786213468869124e-05,0.00524,2e-05,0.0005087459355491091,0.0004606628,1.0,1.0,1.0,8,8
DoubleSS±,100000,1.5,50000,99998,150,150,0.15604324999731034,1.5604637092472884,7.0109593392630245,852.0,1.0,0.00014021918678526048,0.01704,2e-05,0.00119812859689129,0.0010095128,0.10666666666666667,1.0,0.1927710843373494,8,75
IntegratedSS±,100000,1.5,50000,99998,150,150,0.22736824996536598,2.273727974213144,4.893106734434562,262.0,1.0,9.786213468869124e-05,0.00524,2e-05,0.0005087459355491091,0.0004606628,1.0,1.0,1.0,8,8
CountMin,100000,1.5,50000,99998,1360,1360,0.12502358300844207,1.2502608353011269,78.71934561626429,190.0,79.0,0.001574386912325286,0.0038,0.00158,0.0016134855960751736,0.0015669344,0.8,1.0,0.888888888888889,8,10
α-CountMin,100000,1.5,50000,99998,1632,1632,0.10298479103948921,1.0298685077650473,48.023348157560356,168.0,45.0,0.0009604669631512072,0.00336,0.0009,0.0010021911508901337,0.001007476,0.8888888888888888,1.0,0.9411764705882353,8,9
CountSketch,100000,1.5,50000,99998,150000,150000,0.20620304200565442,2.062071661489774,0.07171219822109276,5.0,0.0,1.4342439644218552e-06,0.0001,0.0,6.166371892172854e-06,3.5092e-06,1.0,1.0,1.0,8,8
α-CountSketch,100000,1.5,50000,99998,120000,120000,0.16763466701377183,1.676380197741673,0.23681702668360863,15.0,0.0,4.736340533672173e-06,0.0003,0.0,1.2389280934899441e-05,6.662e-06,1.0,1.0,1.0,8,8
LearnedISS±,100000,1.5,50000,99998,150,150,0.2087970839929767,2.0880126001817705,2.619043837357052,113.0,1.0,5.2380876747141044e-05,0.00226,2e-05,0.0001360724963737249,0.0001644576,1.0,1.0,1.0,8,8
MisraGries,100000,2.0,33333,99999,69,200,0.012385542038828135,0.12385665895487089,2.6122894572676234,125.0,1.0,7.836946741270282e-05,0.003750037500375004,3.000030000300003e-05,0.0002604510756399552,0.0015709787194172905,1.0,0.75,0.8571428571428571,8,6
LazySS±,100000,2.0,33333,99999,200,200,0.1168943329830654,1.1689550193808478,4.09731752963194,125.0,1.0,0.0001229207550965092,0.003750037500375004,3.000030000300003e-05,0.0004858317415270188,0.0003655945118536776,1.0,1.0,1.0,8,8
SS±,100000,2.0,33333,99999,200,200,0.11598316702293232,1.1598432686620097,4.09731752963194,125.0,1.0,0.0001229207550965092,0.003750037500375004,3.000030000300003e-05,0.0004858317415270188,0.0003655945118536776,1.0,1.0,1.0,8,8
DoubleSS±,100000,2.0,33333,99999,200,200,0.193474417028483,1.9347635179200093,6.947702224994801,550.0,1.0,0.0002084331510813549,0.016500165001650018,3.000030000300003e-05,0.0014984008591479754,0.001248205263980459,0.08791208791208792,1.0,0.16161616161616163,8,91
IntegratedSS±,100000,2.0,33333,99999,200,200,0.18568325001979247,1.8568510687086117,4.09731752963194,125.0,1.0,0.0001229207550965092,0.003750037500375004,3.000030000300003e-05,0.0004858317415270188,0.0003655945118536776,1.0,1.0,1.0,8,8
CountMin,100000,2.0,33333,99999,1360,1360,0.12458145804703236,1.2458270387407109,52.033686837180284,116.0,52.0,0.0015610262153775627,0.0034800348003480035,0.0015600156001560016,0.0016014412023505494,0.0015598868975819629,0.7272727272727273,1.0,0.8421052631578948,8,11
α-CountMin,100000,2.0,33333,99999,2176,2176,0.10678412503330037,1.0678519288522923,23.204928259513412,96.0,23.0,0.0006961548093334958,0.0028800288002880027,0.0006900069000690007,0.0007223310750039437,0.0006625167502687537,0.8888888888888888,1.0,0.9411764705882353,8,9
CountSketch,100000,2.0,33333,99999,150000,150000,0.206843874999322,2.0684594345875658,0.035766271574131835,4.0,0.0,1.072998877212727e-06,0.00012000120001200012,0.0,6.269138384312437e-06,1.981839636594548e-06,1.0,1.0,1.0,8,8
α-CountSketch,100000,2.0,33333,99999,120000,120000,0.1684178340365179,1.684195182317002,0.15398211686421293,10.0,0.0,4.6195097010233975e-06,0.0003000030000300003,0.0,1.364956595320579e-05,5.472109441641622e-06,1.0,1.0,1.0,8,8
LearnedISS±,100000,2.0,33333,99999,200,200,0.17846750002354383,1.78469284716391,2.2689748388438344,52.0,1.0,6.806992586457366e-05,0.0015600156001560016,3.000030000300003e-05,0.00014796741377519362,0.00013878367565963484,1.0,1.0,1.0,8,8
MisraGries,100000,4.0,14286,99998,196,400,0.012479582976084203,0.12479832572735658,1.8680124223602483,24.0,1.0,0.00013075825440012938,0.0016799664006719867,6.999860002799944e-05,0.0002457779950145227,0.0008446086153175438,1.0,0.7777777777777778,0.8750000000000001,9,7
LazySS±,100000,4.0,14286,99998,400,400,0.08888812502846122,0.8888990282651775,2.7736801242236027,24.0,1.0,0.00019415372562113975,0.0016799664006719867,6.999860002799944e-05,0.0004091219924434027,0.00020756549729708193,1.0,1.0,1.0,9,9
SS±,100000,4.0,14286,99998,400,400,0.08881720795761794,0.8881898433730469,2.7736801242236027,24.0,1.0,0.00019415372562113975,0.0016799664006719867,6.999860002799944e-05,0.0004091219924434027,0.00020756549729708193,1.0,1.0,1.0,9,9
DoubleSS±,100000,4.0,14286,99998,400,400,0.3200557079981081,3.2006210924029292,8.315799689440993,216.0,1.0,0.0005820943363741422,0.015119697606047878,6.999860002799944e-05,0.0026297023385343592,0.0010596610131356102,0.052941176470588235,1.0,0.10055865921787709,9,170
IntegratedSS±,100000,4.0,14286,99998,400,400,0.13944783300394192,1.3945062201638225,2.7736801242236027,24.0,1.0,0.00019415372562113975,0.0016799664006719867,6.999860002799944e-05,0.0004091219924434027,0.00020756549729708193,1.0,1.0,1.0,9,9
CountMin,100000,4.0,14286,99998,1360,1360,0.12379350000992417,1.2379597592944276,21.51669254658385,54.0,21.0,0.0015061383554937598,0.0037799244015119695,0.0014699706005879883,0.0015560435811465257,0.001452037317926468,0.9,1.0,0.9473684210526316,9,10
α-CountMin,100000,4.0,14286,99998,3264,3264,0.08162466704379767,0.8162629956978907,4.037849378881988,32.0,4.0,0.00028264380364566625,0.002239955200895982,0.0002799944001119978,0.000321421051735843,0.0002621591135305951,1.0,1.0,1.0,9,9
CountSketch,100000,4.0,14286,99998,150000,150000,0.20844066701829433,2.0844483591501266,0.007569875776397516,1.0,0.0,5.298807067336915e-07,6.999860002799944e-05,0.0,6.0902305090370214e-06,7.447702088937362e-07,1.0,1.0,1.0,9,9
α-CountSketch,100000,4.0,14286,99998,90000,90000,0.13025083299726248,1.302534380660238,0.09763198757763975,5.0,0.0,6.834102448385815e-06,0.0003499930001399972,0.0,2.5110663673118847e-05,9.486020555383376e-06,1.0,1.0,1.0,9,9
LearnedISS±,100000,4.0,14286,99998,400,400,0.2004150829743594,2.004190913561865,1.8685947204968945,23.0,1.0,0.00013079901445449353,0.0016099678006439872,6.999860002799944e-05,0.00020388574494088922,0.00012699802002839967,1.0,1.0,1.0,9,9
MisraGries,100000,8.0,6667,99999,794,800,0.012334665982052684,0.12334789329945983,1.1202797202797203,4.0,1.0,0.00016803355636413984,0.000599970001499925,0.00014999250037498125,0.00021111778144434882,0.0003801894801015162,1.0,1.0,1.0,9,9
LazySS±,100000,8.0,6667,99999,800,800,0.06627404101891443,0.6627470376595209,1.6615384615384616,4.0,1.0,0.0002492183083153535,0.000599970001499925,0.00014999250037498125,0.0003055450815412563,0.0001490925903682317,1.0,1.0,1.0,9,9
SS±,100000,8.0,6667,99999,800,800,0.06641204201150686,0.6641270613856824,1.6615384615384616,4.0,1.0,0.0002492183083153535,0.000599970001499925,0.00014999250037498125,0.0003055450815412563,0.0001490925903682317,1.0,1.0,1.0,9,9
DoubleSS±,100000,8.0,6667,99999,800,800,0.5415084579726681,5.415138731113992,10.756643356643357,91.0,1.0,0.001613415832704868,0.013649317534123294,0.00014999250037498125,0.004406044706666347,0.0013433856580757284,0.028662420382165606,1.0,0.05572755417956656,9,314
IntegratedSS±,100000,8.0,6667,99999,800,800,0.10297712497413158,1.0297815475567913,1.6615384615384616,4.0,1.0,0.0002492183083153535,0.000599970001499925,0.00014999250037498125,0.0003055450815412563,0.0001490925903682317,1.0,1.0,1.0,9,9
CountMin,100000,8.0,6667,99999,1360,1360,0.12417708395514637,1.2417832573840375,9.414335664335665,25.0,9.0,0.0014120797456630666,0.003749812509374531,0.0013499325033748313,0.0014791572613856324,0.0013453654600905772,0.9,1.0,0.9473684210526316,9,10
α-CountMin,100000,8.0,6667,99999,4350,4350,0.05697608401533216,0.5697665378186998,0.7905594405594406,25.0,1.0,0.00011857798718455684,0.003749812509374531,0.00014999250037498125,0.0002093404278961985,0.00011660583912457294,1.0,1.0,1.0,9,9
CountSketch,100000,8.0,6667,99999,150000,150000,0.20901737501844764,2.090194652130998,0.001048951048951049,1.0,0.0,1.573347906031272e-07,0.00014999250037498125,0.0,4.857884173026066e-06,6.749325050621626e-08,1.0,1.0,1.0,9,9
α-CountSketch,100000,8.0,6667,99999,60000,60000,0.08998449996579438,0.8998539981979258,0.2902097902097902,286.0,0.0,4.352929206686518e-05,0.042897855107244635,0.0,0.0008292718002075063,3.0349464977628575e-05,0.9,1.0,0.9473684210526316,9,10
LearnedISS±,100000,8.0,6667,99999,800,800,0.6100440000300296,6.100501005310349,1.4052447552447553,4.0,1.0,0.0002107761744779894,0.000599970001499925,0.00014999250037498125,0.0002452309458392344,0.00012342265742570078,1.0,1.0,1.0,9,9
MisraGries,500000,1.5,250000,499998,71,150,0.11407800001325086,0.22815691265415233,6.159117232743778,1308.0,2.0,2.4636468930975115e-05,0.005232,8e-06,0.00016796450519056987,0.002010654912,1.0,0.625,0.7692307692307693,8,5
LazySS±,500000,1.5,250000,499998,150,150,0.983126417035237,1.9662606991132703,10.66708405071216,1534.0,2.0,4.266833620284864e-05,0.006136,8e-06,0.00037284999621086285,0.000801053488,0.8888888888888888,1.0,0.9411764705882353,8,9
SS±,500000,1.5,250000,499998,150,150,1.075986624986399,2.1519818579002297,9.623540460165911,1313.0,2.0,3.849416184066364e-05,0.005252,8e-06,0.00031791710597777243,0.000479772304,1.0,1.0,1.0,8,8
DoubleSS±,500000,1.5,250000,499998,150,150,0.8068186669843271,1.6136437885438084,13.317639693222727,4259.0,2.0,5.32705587728909e-05,0.017036,8e-06,0.0007277532683944392,0.001231809632,0.10666666666666667,1.0,0.1927710843373494,8,75
IntegratedSS±,500000,1.5,250000,499998,150,150,1.716674541006796,3.433362815464854,9.623540460165911,1313.0,2.0,3.849416184066364e-05,0.005252,8e-06,0.00031791710597777243,0.000479772304,1.0,1.0,1.0,8,8
CountMin,500000,1.5,250000,499998,1360,1360,0.63885524997022,1.277715610802883,402.55799029582096,1141.0,413.0,0.0016102319611832837,0.004564,0.001652,0.001648499850343222,0.001612641728,0.8,1.0,0.888888888888889,8,10
α-CountMin,500000,1.5,250000,499998,1632,1632,0.5247777079930529,1.0495596142245627,243.91645014869306,951.0,229.0,0.0009756658005947722,0.003804,0.000916,0.0010111353526571106,0.0010105504,0.8888888888888888,1.0,0.9411764705882353,8,9
CountSketch,500000,1.5,250000,499998,150000,150000,1.0504255419946276,2.1008594874272046,0.5749569572703084,83.0,0.0,2.2998278290812335e-06,0.000332,0.0,5.797522692428927e-06,2.653408e-06,1.0,1.0,1.0,8,8
α-CountSketch,500000,1.5,250000,499998,120000,120000,0.8492491660290398,1.6985051260785837,1.1104711222413524,66.0,1.0,4.44188448896541e-06,0.000264,4e-06,9.41857045418954e-06,6.371184e-06,1.0,1.0,1.0,8,8
LearnedISS±,500000,1.5,250000,499998,150,150,1.206966541998554,2.413942739768067,4.335889810611989,461.0,2.0,1.734355924244796e-05,0.001844,8e-06,5.285864404053845e-05,9.9674032e-05,1.0,1.0,1.0,8,8
MisraGries,500000,2.0,166667,499999,70,200,0.129315875004977,0.25863226727448857,4.800797417884944,636.0,1.0,2.880472689785587e-05,0.003815992368015264,5.999988000024e-06,0.00015748894853638426,0.0015646297014749355,1.0,0.75,0.8571428571428571,8,6
LazySS±,500000,2.0,166667,499999,200,200,1.0095561249763705,2.0191162881853173,8.419707613442187,743.0,1.0,5.0518144644363835e-05,0.004457991084017832,5.999988000024e-06,0.00034889020729098687,0.0005836307454746836,0.8888888888888888,1.0,0.9411764705882353,8,9
SS±,500000,2.0,166667,499999,200,200,0.9869458330213092,1.9738956138338464,7.516309094361117,632.0,1.0,4.509776437063796e-05,0.003791992416015168,5.999988000024e-06,0.00029442054837155746,0.0003330656637360128,1.0,1.0,1.0,8,8
DoubleSS±,500000,2.0,166667,499999,200,200,1.0079657079768367,2.0159354478245692,12.5450161382191,2751.0,1.0,7.526994628942201e-05,0.016505966988066025,5.999988000024e-06,0.0008973312616837651,0.0012864695421166857,0.08695652173913043,1.0,0.16,8,92
IntegratedSS±,500000,2.0,166667,499999,200,200,1.5207646249909885,3.0415353330526433,7.516309094361117,632.0,1.0,4.509776437063796e-05,0.003791992416015168,5.999988000024e-06,0.00029442054837155746,0.0003330656637360128,1.0,1.0,1.0,8,8
CountMin,500000,2.0,166667,499999,1360,1360,0.6405399170471355,1.2810823962590636,266.84902221378394,748.0,273.0,0.0016010909311008415,0.004487991024017952,0.001637996724006552,0.0016397329962450334,0.0016140506277910326,0.8,1.0,0.888888888888889,8,10
α-CountMin,500000,2.0,166667,499999,2176,2176,0.541369125014171,1.082740415509173,122.73464970571483,424.0,120.0,0.0007364064254214382,0.002543994912010176,0.00071999856000288,0.0007543028715555487,0.0007319857560540478,1.0,1.0,1.0,8,8
CountSketch,500000,2.0,166667,499999,150000,150000,1.0578853750484996,2.1157749816469624,0.35561040440478453,53.0,0.0,2.133658159112389e-06,0.000317999364001272,0.0,5.9581486417623935e-06,2.754060983745049e-06,1.0,1.0,1.0,8,8
α-CountSketch,500000,2.0,166667,499999,120000,120000,0.8549470420111902,1.7098975038173883,0.7398139358268464,41.0,0.0,4.438874737211604e-06,0.000245999508000984,0.0,9.722611958884914e-06,5.983788064823806e-06,1.0,1.0,1.0,8,8
LearnedISS±,500000,2.0,166667,499999,200,200,1.0614604160073213,2.1229250778647986,3.3925954053540917,196.0,1.0,2.035553172106111e-05,0.001175997648004704,5.999988000024e-06,5.130732692339809e-05,7.668786524823225e-05,1.0,1.0,1.0,8,8
MisraGries,500000,4.0,71429,499999,186,400,0.06226533302105963,0.12453091510394947,3.049712483769245,123.0,1.0,4.269571859845784e-05,0.0017219896680619917,1.3999916000503996e-05,0.00013680014293467727,0.0008325758610596946,1.0,0.875,0.9333333333333333,8,7
LazySS±,500000,4.0,71429,499999,400,400,0.46631437505129725,0.9326306153638252,4.610894701044951,123.0,1.0,6.455213850179832e-05,0.0017219896680619917,1.3999916000503996e-05,0.00023767044834708902,0.00017074805501719287,1.0,1.0,1.0,8,8
SS±,500000,4.0,71429,499999,400,400,0.46802524995291606,0.9360523720105761,4.610894701044951,123.0,1.0,6.455213850179832e-05,0.0017219896680619917,1.3999916000503996e-05,0.00023767044834708902,0.00017074805501719287,1.0,1.0,1.0,8,8
DoubleSS±,500000,4.0,71429,499999,400,400,1.677563334000297,3.3551333782673503,13.399245656340815,1086.0,1.0,0.00018758831365888948,0.01520390877654734,1.3999916000503996e-05,0.0014962138486427849,0.000785765154789855,0.047619047619047616,1.0,0.0909090909090909,8,168
IntegratedSS±,500000,4.0,71429,499999,400,400,0.7463347499724478,1.492672485289866,4.610894701044951,123.0,1.0,6.455213850179832e-05,0.0017219896680619917,1.3999916000503996e-05,0.00023767044834708902,0.00017074805501719287,1.0,1.0,1.0,8,8
CountMin,500000,4.0,71429,499999,1360,1360,0.6512316660373472,1.3024659370065683,113.80207753663514,315.0,115.0,0.0015932195261957344,0.004409973540158759,0.0016099903400579596,0.0016321703415191487,0.001588652468113191,0.8,1.0,0.888888888888889,8,10
α-CountMin,500000,4.0,71429,499999,3264,3264,0.41844962496543303,0.8369009237327135,23.729301922958015,190.0,23.0,0.0003322082336720102,0.0026599840400957594,0.00032199806801159195,0.00035146014060755587,0.00031060472473212145,1.0,1.0,1.0,8,8
CountSketch,500000,4.0,71429,499999,150000,150000,1.0633547499892302,2.1267137534059675,0.1296605453533667,18.0,0.0,1.8152367435266728e-06,0.0002519984880090719,0.0,6.615213738370854e-06,2.2671047946608484e-06,1.0,1.0,1.0,8,8
α-CountSketch,500000,4.0,71429,499999,90000,90000,0.6699793330044486,1.339961345931589,0.46225190131700983,41.0,0.0,6.471487789511401e-06,0.0005739965560206639,0.0,1.7355844754289176e-05,6.189213729212438e-06,1.0,1.0,1.0,8,8
LearnedISS±,500000,4.0,71429,499999,400,400,0.9836458750069141,1.9672956846051977,2.1833302417609595,84.0,1.0,3.0566439986013516e-05,0.0011759929440423357,1.3999916000503996e-05,5.336036425470924e-05,5.0185981766412106e-05,1.0,1.0,1.0,8,8
MisraGries,500000,8.0,33334,499998,517,800,0.06257633300265297,0.12515316661797243,2.090074104999478,25.0,1.0,6.270096913060173e-05,0.000749985000299994,2.999940001199976e-05,0.0001196742661867446,0.00042821907106586974,1.0,0.8888888888888888,0.9411764705882353,9,8
LazySS±,500000,8.0,33334,499998,800,800,0.38317375001497567,0.766350565432213,2.9838221480012526,25.0,1.0,8.951287418255393e-05,0.000749985000299994,2.999940001199976e-05,0.00018567945252928852,8.868335263042144e-05,1.0,1.0,1.0,9,9
SS±,500000,8.0,33334,499998,800,800,0.3821432080003433,0.7642894731585792,2.9838221480012526,25.0,1.0,8.951287418255393e-05,0.000749985000299994,2.999940001199976e-05,0.00018567945252928852,8.868335263042144e-05,1.0,1.0,1.0,9,9
DoubleSS±,500000,8.0,33334,499998,800,800,2.870200167002622,5.7404232956984265,16.238805970149254,461.0,1.0,0.0004871544360157573,0.01382972340553189,2.999940001199976e-05,0.0024282324766147895,0.0007193277266032048,0.02903225806451613,1.0,0.05642633228840126,9,310
IntegratedSS±,500000,8.0,33334,499998,800,800,0.6026808330207132,1.2053664875073764,2.9838221480012526,25.0,1.0,8.951287418255393e-05,0.000749985000299994,2.999940001199976e-05,0.00018567945252928852,8.868335263042144e-05,1.0,1.0,1.0,9,9
CountMin,500000,8.0,33334,499998,1360,1360,0.6543519579572603,1.3087091507511237,51.810666944995305,137.0,51.0,0.0015542889225714077,0.004109917801643967,0.0015299694006119878,0.0015962981269478425,0.0015351909917462538,0.8181818181818182,1.0,0.9,9,11
α-CountMin,500000,8.0,33334,499998,4350,4350,0.29393666703253984,0.587875685567822,5.026823922346311,79.0,4.0,0.0001508017016363566,0.002369952600947981,0.00011999760004799904,0.0001901299952352495,0.00013736870519684465,1.0,1.0,1.0,9,9
CountSketch,500000,8.0,33334,499998,150000,150000,1.0820377499912865,2.1640841563191984,0.04321052082246112,7.0,0.0,1.2962896988798562e-06,0.00020999580008399833,0.0,7.161491325075384e-06,1.8503259862204208e-06,1.0,1.0,1.0,9,9
α-CountSketch,500000,8.0,33334,499998,60000,60000,0.4749041250324808,0.9498120493131589,0.911700240058449,1481.0,0.0,2.735046019254962e-05,0.044429111417771644,0.0,0.0004926754052736585,4.0798068060958336e-05,0.8888888888888888,0.8888888888888888,0.8888888888888888,9,9
LearnedISS±,500000,8.0,33334,499998,800,800,3.0712342920014635,6.142493153975543,1.747834255296942,22.0,1.0,5.2433978979328665e-05,0.0006599868002639947,2.999940001199976e-05,7.337448834372572e-05,4.31721730958073e-05,1.0,1.0,1.0,9,9
MisraGries,1000000,1.5,500000,999998,127,150,0.2623541670036502,0.26235469171303366,9.577672266861455,2609.0,2.0,1.915534453372291e-05,0.005218,4e-06,0.00014837233910156548,0.00201459564,1.0,0.625,0.7692307692307693,8,5
LazySS±,1000000,1.5,500000,999998,150,150,2.0907166660181247,2.0907208474598193,17.11848064280497,3221.0,2.0,3.423696128560993e-05,0.006442,4e-06,0.0003453868920301802,0.000911321284,0.8888888888888888,1.0,0.9411764705882353,8,9
SS±,1000000,1.5,500000,999998,150,150,2.368672249955125,2.3686769873090996,15.059313367421476,2624.0,2.0,3.0118626734842957e-05,0.005248,4e-06,0.0002822071684102272,0.000461947152,1.0,1.0,1.0,8,8
DoubleSS±,1000000,1.5,500000,999998,150,150,1.6329006250016391,1.6329038908094207,20.875578280983685,8522.0,2.0,4.175115656196737e-05,0.017044,4e-06,0.0006452895575627936,0.00132351864,0.10666666666666667,1.0,0.1927710843373494,8,75
IntegratedSS±,1000000,1.5,500000,999998,150,150,3.8467998749692924,3.8468075685844294,15.059313367421476,2624.0,2.0,3.0118626734842957e-05,0.005248,4e-06,0.0002822071684102272,0.000461947152,1.0,1.0,1.0,8,8
CountMin,1000000,1.5,500000,999998,1360,1360,1.3588783749728464,1.3588810927350317,806.0441441441442,2202.0,832.0,0.0016120882882882882,0.004404,0.001664,0.0016506589008672924,0.001614885888,0.8,1.0,0.888888888888889,8,10
α-CountMin,1000000,1.5,500000,999998,1632,1632,1.1022821249789558,1.1022843295476148,484.90752373995616,1969.0,457.0,0.0009698150474799124,0.003938,0.000914,0.0010036507055438853,0.000999904404,0.8888888888888888,1.0,0.9411764705882353,8,9
CountSketch,1000000,1.5,500000,999998,150000,150000,2.1816641250043176,2.1816684883412942,1.24572680788897,175.0,1.0,2.4914536157779402e-06,0.00035,2e-06,5.661552569907494e-06,2.849016e-06,1.0,1.0,1.0,8,8
α-CountSketch,1000000,1.5,500000,999998,120000,120000,1.7689110830542631,1.768914620883505,2.205210616021427,148.0,1.0,4.410421232042854e-06,0.000296,2e-06,9.260886170411013e-06,6.60136e-06,1.0,1.0,1.0,8,8
LearnedISS±,1000000,1.5,500000,999998,150,150,2.6170198330073617,2.617025067057496,6.6009495982468955,614.0,2.0,1.320189919649379e-05,0.001228,4e-06,4.3922390992346244e-05,8.6136924e-05,1.0,1.0,1.0,8,8
MisraGries,1000000,2.0,333333,999999,166,200,0.29398987494641915,0.2939901689365881,7.049485628258385,1264.0,2.0,2.1148478033253188e-05,0.003792003792003792,6.000006000006e-06,0.00013538975687349148,0.0015677920205824734,1.0,0.75,0.8571428571428571,8,6
LazySS±,1000000,2.0,333333,999999,200,200,2.2429974999977276,2.242999742997471,13.023474309292146,1654.0,2.0,3.907046199833844e-05,0.004962004962004962,6.000006000006e-06,0.0003275832943266298,0.0007830251730495631,0.8888888888888888,1.0,0.9411764705882353,8,9
SS±,1000000,2.0,333333,999999,200,200,2.4637276249704883,2.4637300887005766,10.912487105857426,1265.0,2.0,3.273749405506633e-05,0.003795003795003795,6.000006000006e-06,0.00024969833553642034,0.00031367166934302503,1.0,1.0,1.0,8,8
DoubleSS±,1000000,2.0,333333,999999,200,200,2.030762083013542,2.0307641137776558,17.8530207142658,5504.0,2.0,5.355911570191309e-05,0.016512016512016513,6.000006000006e-06,0.0007494598592219504,0.0010567734915459264,0.09523809523809523,1.0,0.17391304347826084,8,84
IntegratedSS±,1000000,2.0,333333,999999,200,200,3.8307462090160698,3.8307500397661096,10.912487105857426,1265.0,2.0,3.273749405506633e-05,0.003795003795003795,6.000006000006e-06,0.00024969833553642034,0.00031367166934302503,1.0,1.0,1.0,8,8
CountMin,1000000,2.0,333333,999999,1360,1360,1.3814223340013996,1.381423715425115,536.5058128188687,1437.0,548.0,0.0016095190479756536,0.004311004311004311,0.001644001644001644,0.0016480345080706145,0.0016070595581175091,0.8,1.0,0.888888888888889,8,10
α-CountMin,1000000,2.0,333333,999999,2176,2176,1.1260587080032565,1.1260598340630905,246.3024338565335,724.0,241.0,0.000738908040477641,0.002172002172002172,0.000723000723000723,0.0007564068224688872,0.0007180760031512883,0.8888888888888888,1.0,0.9411764705882353,8,9
CountSketch,1000000,2.0,333333,999999,150000,150000,2.182831999962218,2.182834182796401,0.7963143661657699,128.0,0.0,2.388945487442797e-06,0.000384000384000384,0.0,5.705987283768776e-06,2.9334298668568004e-06,1.0,1.0,1.0,8,8
α-CountSketch,1000000,2.0,333333,999999,120000,120000,1.8155615840223618,1.8155633995857614,1.4602024031893837,99.0,1.0,4.380611590179741e-06,0.000297000297000297,3.000003000003e-06,9.313474809705076e-06,6.48649297297946e-06,1.0,1.0,1.0,8,8
LearnedISS±,1000000,2.0,333333,999999,200,200,2.3180392920039594,2.3180416100455696,4.873456187794474,447.0,2.0,1.4620383183766607e-05,0.001341001341001341,6.000006000006e-06,4.359624385008576e-05,7.41317982635224e-05,1.0,1.0,1.0,8,8
MisraGries,1000000,4.0,142857,999999,172,400,0.12715870898682624,0.1271588361456624,4.072578647510528,246.0,1.0,2.850807904065274e-05,0.001722001722001722,7.000007000007e-06,0.00011189692982062356,0.0008348580347152345,1.0,0.875,0.9333333333333333,8,7
LazySS±,1000000,4.0,142857,999999,400,400,0.9411864170106128,0.941187358197971,6.115349682107175,246.0,1.0,4.280749058224081e-05,0.001722001722001722,7.000007000007e-06,0.0001929598714839719,0.00015608951817888027,1.0,1.0,1.0,8,8
SS±,1000000,4.0,142857,999999,400,400,0.9429102499852888,0.9429111928964817,6.115349682107175,246.0,1.0,4.280749058224081e-05,0.001722001722001722,7.000007000007e-06,0.0001929598714839719,0.00015608951817888027,1.0,1.0,1.0,8,8
DoubleSS±,1000000,4.0,142857,999999,400,400,3.361151917022653,3.361155278177931,17.694079762199653,2171.0,1.0,0.00012385868219407976,0.015197015197015197,7.000007000007e-06,0.001216509082897632,0.0008775430490852206,0.047619047619047616,1.0,0.0909090909090909,8,168
IntegratedSS±,1000000,4.0,142857,999999,400,400,1.5129445420461707,1.5129460549922258,6.115349682107175,246.0,1.0,4.280749058224081e-05,0.001722001722001722,7.000007000007e-06,0.0001929598714839719,0.00015608951817888027,1.0,1.0,1.0,8,8
CountMin,1000000,4.0,142857,999999,1360,1360,1.311657042009756,1.3116583536681097,229.17186854925274,618.0,234.0,0.001604204684049453,0.004326004326004326,0.001638001638001638,0.0016439435586312844,0.0016118329396642675,0.8,1.0,0.888888888888889,8,10
α-CountMin,1000000,4.0,142857,999999,3264,3264,0.8443581250030547,0.8443589693620241,48.42164148294938,381.0,46.0,0.000338951829332475,0.002667002667002667,0.000322000322000322,0.00035490803914430355,0.0003206923623844041,0.8888888888888888,1.0,0.9411764705882353,8,9
CountSketch,1000000,4.0,142857,999999,150000,150000,2.1653874169569463,2.1653895823465286,0.2972504334902155,21.0,0.0,2.0807551151866238e-06,0.000147000147000147,0.0,5.6413811528703434e-06,2.8281386562744845e-06,1.0,1.0,1.0,8,8
α-CountSketch,1000000,4.0,142857,999999,90000,90000,1.3725342499674298,1.3725356225030523,0.9137560895054083,91.0,0.0,6.3962990228368805e-06,0.000637000637000637,0.0,1.7987494020284735e-05,8.534837069665605e-06,1.0,1.0,1.0,8,8
LearnedISS±,1000000,4.0,142857,999999,400,400,1.9394723330042325,1.939474272478505,2.8081909008339525,150.0,1.0,1.965735596319363e-05,0.00105000105000105,7.000007000007e-06,4.122611469722354e-05,4.452036204067956e-05,1.0,1.0,1.0,8,8
MisraGries,1000000,8.0,66667,999999,438,800,0.12636770796962082,0.12636783433745516,2.664774951076321,51.0,1.0,3.997142440902277e-05,0.0007649961750191249,1.4999925000374999e-05,9.401240014823344e-05,0.00042820716791761563,1.0,0.875,0.9333333333333333,8,7
LazySS±,1000000,8.0,66667,999999,800,800,0.8014546249760315,0.8014554264314578,3.863144161774299,51.0,1.0,5.794687269225102e-05,0.0007649961750191249,1.4999925000374999e-05,0.00015038827392090635,7.952050479296406e-05,1.0,1.0,1.0,8,8
SS±,1000000,8.0,66667,999999,800,800,0.7842652089893818,0.784265993255375,3.863144161774299,51.0,1.0,5.794687269225102e-05,0.0007649961750191249,1.4999925000374999e-05,0.00015038827392090635,7.952050479296406e-05,1.0,1.0,1.0,8,8
DoubleSS±,1000000,8.0,66667,999999,800,800,5.76267187501071,5.762677637688348,20.521656881930856,922.0,1.0,0.0003078233141123922,0.013829930850345748,1.4999925000374999e-05,0.00192848914124808,0.0007395075299062132,0.02564102564102564,1.0,0.05,8,312
IntegratedSS±,1000000,8.0,66667,999999,800,800,1.2264403750305064,1.2264416014721078,3.863144161774299,51.0,1.0,5.794687269225102e-05,0.0007649961750191249,1.4999925000374999e-05,0.00015038827392090635,7.952050479296406e-05,1.0,1.0,1.0,8,8
CountMin,1000000,8.0,66667,999999,1360,1360,1.3082529170205817,1.308254225274807,105.92850619699935,250.0,106.0,0.0015889196483567485,0.0037499812500937494,0.0015899920500397498,0.00162987463067955,0.0016027082478774536,0.8,1.0,0.888888888888889,8,10
α-CountMin,1000000,8.0,66667,999999,4350,4350,0.5903982080053538,0.5903987984041522,10.4529028049576,206.0,9.0,0.00015679275811057342,0.0030899845500772494,0.00013499932500337497,0.00019349795922031455,0.00014966287836747476,0.8888888888888888,1.0,0.9411764705882353,8,9
CountSketch,1000000,8.0,66667,999999,150000,150000,2.287498749967199,2.2875010374682363,0.11441617742987606,8.0,0.0,1.7162340802777395e-06,0.00011999940000299999,0.0,6.0936607289137694e-06,2.67612323870071e-06,1.0,1.0,1.0,8,8
α-CountSketch,1000000,8.0,66667,999999,60000,60000,0.963190917042084,0.9631918802339642,1.6785388127853882,2868.0,0.0,2.5177956301999312e-05,0.0430197849010755,0.0,0.0005368614710715673,3.6483160167486244e-05,0.8,1.0,0.888888888888889,8,10
LearnedISS±,1000000,8.0,66667,999999,800,800,5.618187957967166,5.618193576160742,1.9373776908023483,34.0,1.0,2.9060520059434925e-05,0.0005099974500127499,1.4999925000374999e-05,4.3511370750463185e-05,3.092616573756947e-05,1.0,1.0,1.0,8,8
MisraGries,2000000,1.5,1000000,1999998,50,150,0.5453645410016179,0.2726825431833521,16.56471653609637,5217.0,4.0,1.656471653609637e-05,0.005217,4e-06,0.00013790478520582104,0.002014916024,1.0,0.625,0.7692307692307693,8,5
LazySS±,2000000,1.5,1000000,1999998,150,150,4.241579374996945,2.1207918082902806,30.68953752843063,6650.0,4.0,3.0689537528430624e-05,0.00665,4e-06,0.0003361966478112097,0.000976378203,0.8,1.0,0.888888888888889,8,10
SS±,2000000,1.5,1000000,1999998,150,150,4.959770083019976,2.4798875213975093,26.2625305366018,5247.0,4.0,2.6262530536601803e-05,0.005247,4e-06,0.0002645371083354145,0.000456510859,1.0,1.0,1.0,8,8
DoubleSS±,2000000,1.5,1000000,1999998,150,150,3.230603499978315,1.6153033652925228,35.51587903293741,17045.0,4.0,3.551587903293741e-05,0.017045,4e-06,0.0005910257626807007,0.001426294337,0.10666666666666667,1.0,0.1927710843373494,8,75
IntegratedSS±,2000000,1.5,1000000,1999998,150,150,7.892666833999101,3.946337363336914,26.2625305366018,5247.0,4.0,2.6262530536601803e-05,0.005247,4e-06,0.0002645371083354145,0.000456510859,1.0,1.0,1.0,8,8
CountMin,2000000,1.5,1000000,1999998,1360,1360,2.590350332960952,1.2951764616569377,1613.8815601044562,4456.0,1671.0,0.001613881560104456,0.004456,0.001671,0.0016520264636148746,0.001618348317,0.8,1.0,0.888888888888889,8,10
α-CountMin,2000000,1.5,1000000,1999998,1632,1632,2.1304719170439057,1.0652370237589766,967.5584407379328,3893.0,913.0,0.0009675584407379328,0.003893,0.000913,0.001000971920606993,0.001003635928,0.8888888888888888,1.0,0.9411764705882353,8,9
CountSketch,2000000,1.5,1000000,1999998,150000,150000,4.241454457980581,2.12072934971964,2.5907674163928904,346.0,2.0,2.59076741639289e-06,0.000346,2e-06,5.491176555586213e-06,2.958131e-06,1.0,1.0,1.0,8,8
α-CountSketch,2000000,1.5,1000000,1999998,120000,120000,3.4489240829716437,1.7244637659495878,4.464072108499705,293.0,2.0,4.464072108499705e-06,0.000293,2e-06,9.279841023128556e-06,6.79645e-06,1.0,1.0,1.0,8,8
LearnedISS±,2000000,1.5,1000000,1999998,150,150,5.331499042047653,2.665752186776013,11.370440569454974,1726.0,4.0,1.1370440569454972e-05,0.001726,4e-06,4.122198187953434e-05,8.4676308e-05,1.0,1.0,1.0,8,8
MisraGries,2000000,2.0,666667,1999999,98,200,0.6397560409968719,0.3198781804375262,11.422207176709547,2523.0,3.0,1.713330219841322e-05,0.003784498107750946,4.499997750001125e-06,0.00012179089067135921,0.0015668552871443212,1.0,0.75,0.8571428571428571,8,6
LazySS±,2000000,2.0,666667,1999999,200,200,4.610937999968883,2.3054701527195176,22.60503272399007,3618.0,3.0,3.390753213221904e-05,0.005426997286501357,4.499997750001125e-06,0.0003254401920702501,0.000998729235270515,0.8,1.0,0.888888888888889,8,10
SS±,2000000,2.0,666667,1999999,200,200,5.708885332976934,2.8544440937105136,17.65691717445272,2532.0,3.0,2.6485362518997824e-05,0.0037979981010009497,4.499997750001125e-06,0.00022447459075093,0.0003388331934167219,1.0,1.0,1.0,8,8
DoubleSS±,2000000,2.0,666667,1999999,200,200,4.021383124985732,2.01069256783915,30.527352742044684,11008.0,3.0,4.5791006217563915e-05,0.01651199174400413,4.499997750001125e-06,0.000706125817032854,0.0010464019175978208,0.08791208791208792,1.0,0.16161616161616163,8,91
IntegratedSS±,2000000,2.0,666667,1999999,200,200,8.746966832957696,4.37348560322165,17.65691717445272,2532.0,3.0,2.6485362518997824e-05,0.0037979981010009497,4.499997750001125e-06,0.00022447459075093,0.0003388331934167219,1.0,1.0,1.0,8,8
CountMin,2000000,2.0,666667,1999999,1360,1360,2.5727271659998223,1.2863642261820243,1076.7070638682012,2973.0,1108.0,0.0016150597882724075,0.004459497770251115,0.0016619991690004156,0.0016529477257349325,0.0016181428653567302,0.8,1.0,0.888888888888889,8,10
α-CountMin,2000000,2.0,666667,1999999,2176,2176,2.177792500006035,1.0888967944514147,495.6108553373956,1785.0,489.0,0.0007434159112981376,0.002677498661250669,0.0007334996332501834,0.0007606707492490268,0.0007139707597790617,0.8888888888888888,1.0,0.9411764705882353,8,9
CountSketch,2000000,2.0,666667,1999999,150000,150000,4.2448129580006935,2.122407540204117,1.6786955540510042,221.0,1.0,2.5180420720554705e-06,0.0003314998342500829,1.499999250000375e-06,5.468979475978286e-06,2.7584837415155688e-06,1.0,1.0,1.0,8,8
α-CountSketch,2000000,2.0,666667,1999999,120000,120000,3.440271125000436,1.7201364225684292,2.948250959151433,196.0,2.0,4.422374227540037e-06,0.0002939998530000735,2.99999850000075e-06,9.327251897805304e-06,7.428552071446071e-06,1.0,1.0,1.0,8,8
LearnedISS±,2000000,2.0,666667,1999999,200,200,5.004655416996684,2.502328959662822,7.861317986910404,924.0,3.0,1.1791971084380066e-05,0.0013859993070003465,4.499997750001125e-06,3.911093336639819e-05,7.135009489988726e-05,1.0,1.0,1.0,8,8
MisraGries,2000000,4.0,285715,1999999,109,400,0.48454037500778213,0.2422703086390454,5.852798955768489,496.0,2.0,2.0484745133326876e-05,0.00173599566001085,6.99998250004375e-06,9.445562779583328e-05,0.0008337820238346697,1.0,0.875,0.9333333333333333,8,7
LazySS±,2000000,4.0,285715,1999999,400,400,3.8660276670125313,1.9330148000136655,9.546204277789315,555.0,2.0,3.3411631443184e-05,0.0019424951437621407,6.99998250004375e-06,0.00018461742246932158,0.00023682813935782304,0.8888888888888888,1.0,0.9411764705882353,8,9
SS±,2000000,4.0,285715,1999999,400,400,2.4611498750164174,1.230575552795985,8.825595538283544,493.0,2.0,3.08895071602245e-05,0.0017254956862607844,6.99998250004375e-06,0.00016398978310363862,0.00015261947565166787,1.0,1.0,1.0,8,8
DoubleSS±,2000000,4.0,285715,1999999,400,400,6.711641625035554,3.3558224904290226,25.050550298139964,4342.0,2.0,8.767670685172273e-05,0.015196962007594982,6.99998250004375e-06,0.0010209255449420273,0.0008524674679073325,0.048484848484848485,1.0,0.09248554913294797,8,165
IntegratedSS±,2000000,4.0,285715,1999999,400,400,3.8868053749902174,1.9434036591969384,8.825595538283544,493.0,2.0,3.08895071602245e-05,0.0017254956862607844,6.99998250004375e-06,0.00016398978310363862,0.00015261947565166787,1.0,1.0,1.0,8,8
CountMin,2000000,4.0,285715,1999999,1360,1360,2.601853625033982,1.3009274629807224,460.0854371236168,1264.0,473.0,0.0016102950041951487,0.00442398894002765,0.0016554958612603468,0.0016484139458181272,0.0016078564252078249,0.8,1.0,0.888888888888889,8,10
α-CountMin,2000000,4.0,285715,1999999,3264,3264,1.6765887080109678,0.8382947731528705,99.05772938977721,708.0,94.0,0.000346701186111255,0.0024779938050154874,0.00032899917750205625,0.0003614393688976575,0.00032438823930677605,0.8888888888888888,1.0,0.9411764705882353,8,9
CountSketch,2000000,4.0,285715,1999999,150000,150000,4.281122249958571,2.140562195260383,0.6686938206413717,94.0,0.0,2.3404225211884978e-06,0.00032899917750205625,0.0,5.755010941059545e-06,2.3088684556432915e-06,1.0,1.0,1.0,8,8
α-CountSketch,2000000,4.0,285715,1999999,90000,90000,2.6572216670028865,1.3286114978071921,1.7654335637366876,168.0,1.0,6.179002025573342e-06,0.000587998530003675,3.499991250021875e-06,1.727462826142282e-05,7.298256258673093e-06,1.0,1.0,1.0,8,8
LearnedISS±,2000000,4.0,285715,1999999,400,400,4.147753500030376,2.073877786954082,3.9568661188406655,381.0,2.0,1.3848996793450346e-05,0.0013334966662583343,6.99998250004375e-06,3.320590088687785e-05,4.0300509997198136e-05,1.0,1.0,1.0,8,8
MisraGries,2000000,8.0,133334,1999998,781,800,0.24639945902163163,0.12319985271066851,3.511949793672627,102.0,1.0,2.6339491755085925e-05,0.0007649961750191249,7.499962500187499e-06,7.586994698171691e-05,0.0004265986027533075,1.0,1.0,1.0,8,8
LazySS±,2000000,8.0,133334,1999998,800,800,1.571310208993964,0.7856558901528721,5.142365887207703,103.0,1.0,3.856755131630119e-05,0.0007724961375193124,7.499962500187499e-06,0.00012300587734925608,7.195692417895929e-05,1.0,1.0,1.0,8,8
SS±,2000000,8.0,133334,1999998,800,800,1.5807998329983093,0.7904007068998615,5.142365887207703,103.0,1.0,3.856755131630119e-05,0.0007724961375193124,7.499962500187499e-06,0.00012300587734925608,7.195692417895929e-05,1.0,1.0,1.0,8,8
DoubleSS±,2000000,8.0,133334,1999998,800,800,11.368138999969233,5.6840751840598,27.160892365887207,1844.0,1.0,0.000203705674215783,0.013829930850345748,7.499962500187499e-06,0.0015692841466770043,0.0007061141513408337,0.025559105431309903,1.0,0.049844236760124616,8,313
IntegratedSS±,2000000,8.0,133334,1999998,800,800,2.4969356670044363,1.2484690819713,5.142365887207703,103.0,1.0,3.856755131630119e-05,0.0007724961375193124,7.499962500187499e-06,0.00012300587734925608,7.195692417895929e-05,1.0,1.0,1.0,8,8
CountMin,2000000,8.0,133334,1999998,1360,1360,2.609523207996972,1.3047629087613946,212.6919704264099,593.0,216.0,0.0015951818022890626,0.004447477762611187,0.0016199919000404997,0.001633511141654497,0.0015976871418386393,0.8,1.0,0.888888888888889,8,10
α-CountMin,2000000,8.0,133334,1999998,4350,4350,1.172724875039421,0.5863630238827343,21.27815508940853,428.0,18.0,0.00015958536524373774,0.0032099839500802497,0.00013499932500337497,0.000190633606849984,0.00013303453215135263,1.0,1.0,1.0,8,8
CountSketch,2000000,8.0,133334,1999998,150000,150000,4.288493250031024,2.1442487692642813,0.27557599724896836,42.0,0.0,2.0668096453190362e-06,0.00031499842500787496,0.0,6.107417892814302e-06,2.132753672409957e-06,1.0,1.0,1.0,8,8
α-CountSketch,2000000,8.0,133334,1999998,60000,60000,1.8427073329803534,0.9213545878447645,2.2732977991746903,5888.0,1.0,1.704964824556895e-05,0.044159779201104,7.499962500187499e-06,0.00032730232498305367,3.1625514994059424e-05,0.8888888888888888,1.0,0.9411764705882353,8,9
LearnedISS±,2000000,8.0,133334,1999998,800,800,10.09049287502421,5.045251482763588,2.4111932599724897,78.0,1.0,1.8083859030498518e-05,0.0005849970750146249,7.499962500187499e-06,3.075865789080087e-05,2.4301163237760094e-05,1.0,1.0,1.0,8,8
