dataset,algorithm,alpha,N,F1,distinct,space,max_space,update_time_s,time_per_update_us,mean_absolute_error,max_absolute_error,median_absolute_error,mean_relative_error,max_relative_error,median_relative_error,nrmse,weighted_mean_rel_error,hh_precision,hh_recall,hh_f1,num_true_hh,num_est_hh
Zipf_s1.0,MisraGries,1.5,499998,250000,31945,71,150,0.12276825000299141,0.24553748215591142,6.159117232743778,1308.0,2.0,2.4636468930975115e-05,0.005232,8e-06,0.00016796450519056987,0.002010654912,1.0,0.625,0.7692307692307693,8,5
Zipf_s1.0,LazySSÂą,1.5,499998,250000,31945,150,150,1.0130602500285022,2.0261286045714226,10.66708405071216,1534.0,2.0,4.266833620284864e-05,0.006136,8e-06,0.00037284999621086285,0.000801053488,0.8888888888888888,1.0,0.9411764705882353,8,9
Zipf_s1.0,SSÂą,1.5,499998,250000,31945,150,150,1.087181541020982,2.174371779529082,9.623540460165911,1313.0,2.0,3.849416184066364e-05,0.005252,8e-06,0.00031791710597777243,0.000479772304,1.0,1.0,1.0,8,8
Zipf_s1.0,DoubleSSÂą,1.5,499998,250000,31945,150,150,0.8104370840010233,1.6208806515246525,13.317639693222727,4259.0,2.0,5.32705587728909e-05,0.017036,8e-06,0.0007277532683944392,0.001231809632,0.10666666666666667,1.0,0.1927710843373494,8,75
Zipf_s1.0,IntegratedSSÂą,1.5,499998,250000,31945,150,150,1.7954161659581587,3.5908466953030986,9.623540460165911,1313.0,2.0,3.849416184066364e-05,0.005252,8e-06,0.00031791710597777243,0.000479772304,1.0,1.0,1.0,8,8
Zipf_s1.0,CountMin,1.5,499998,250000,31945,1360,1360,0.6496110000298359,1.2992271969684595,402.55799029582096,1141.0,413.0,0.0016102319611832837,0.004564,0.001652,0.001648499850343222,0.001612641728,0.8,1.0,0.888888888888889,8,10
Zipf_s1.0,Îą-CountMin,1.5,499998,250000,31945,1632,1632,0.5361035839887336,1.0722114568232946,243.91645014869306,951.0,229.0,0.0009756658005947722,0.003804,0.000916,0.0010111353526571106,0.0010105504,0.8888888888888888,1.0,0.9411764705882353,8,9
Zipf_s1.0,CountSketch,1.5,499998,250000,31945,150000,150000,1.1019654580159113,2.20393973179075,0.5749569572703084,83.0,0.0,2.2998278290812335e-06,0.000332,0.0,5.797522692428927e-06,2.653408e-06,1.0,1.0,1.0,8,8
Zipf_s1.0,Îą-CountSketch,1.5,499998,250000,31945,120000,120000,0.8767522500129417,1.7535115140719397,1.1104711222413524,66.0,1.0,4.44188448896541e-06,0.000264,4e-06,9.41857045418954e-06,6.371184e-06,1.0,1.0,1.0,8,8
Zipf_s1.0,LearnedISSÂą,1.5,499998,250000,31945,150,150,1.2402634160243906,2.480536754195798,4.335889810611989,461.0,2.0,1.734355924244796e-05,0.001844,8e-06,5.285864404053845e-05,9.9674032e-05,1.0,1.0,1.0,8,8
Zipf_s1.5,MisraGries,1.5,499998,250000,4782,102,150,0.05466795898973942,0.10933635532490013,8.178377248013383,259.0,1.0,3.271350899205354e-05,0.001036,4e-06,0.00013098550623637077,0.000955751968,1.0,0.9090909090909091,0.9523809523809523,11,10
Zipf_s1.5,LazySSÂą,1.5,499998,250000,4782,150,150,0.138258166029118,0.2765174381279885,8.163529903805939,261.0,1.0,3.265411961522376e-05,0.001044,4e-06,0.0001311733618437137,2.3366224e-05,1.0,1.0,1.0,11,11
Zipf_s1.5,SSÂą,1.5,499998,250000,4782,150,150,0.13798104203306139,0.2759631879188744,8.163529903805939,261.0,1.0,3.265411961522376e-05,0.001044,4e-06,0.0001311733618437137,2.3366224e-05,1.0,1.0,1.0,11,11
Zipf_s1.5,DoubleSSÂą,1.5,499998,250000,4782,150,150,0.17869475000770763,0.35739092957913354,14.4086156419908,1115.0,1.0,5.76344625679632e-05,0.00446,4e-06,0.00038135178787386905,0.00011048384,1.0,1.0,1.0,11,11
Zipf_s1.5,IntegratedSSÂą,1.5,499998,250000,4782,150,150,0.20125383301638067,0.4025092760698656,8.163529903805939,261.0,1.0,3.265411961522376e-05,0.001044,4e-06,0.0001311733618437137,2.3366224e-05,1.0,1.0,1.0,11,11
Zipf_s1.5,CountMin,1.5,499998,250000,4782,1360,1360,0.6289481249987148,1.2579012816025559,38.0219573400251,351.0,35.0,0.0001520878293601004,0.001404,0.00014,0.00017639671459558734,0.000152468176,1.0,1.0,1.0,11,11
Zipf_s1.5,Îą-CountMin,1.5,499998,250000,4782,1632,1632,0.5108425419894047,1.0216891707354923,21.417607695524886,435.0,17.0,8.567043078209955e-05,0.00174,6.8e-05,0.00011499402272030013,9.836416e-05,1.0,1.0,1.0,11,11
Zipf_s1.5,CountSketch,1.5,499998,250000,4782,150000,150000,1.026898790965788,2.0538057971547645,0.012547051442910916,2.0,0.0,5.018820577164366e-08,8e-06,0.0,4.699235101537612e-07,1.36e-08,1.0,1.0,1.0,11,11
Zipf_s1.5,Îą-CountSketch,1.5,499998,250000,4782,120000,120000,0.8325064170057885,1.6650194940895533,0.0698452530322041,10.0,0.0,2.7938101212881637e-07,4e-05,0.0,1.3590165460348475e-06,1.0216e-07,1.0,1.0,1.0,11,11
Zipf_s1.5,LearnedISSÂą,1.5,499998,250000,4782,150,150,0.2723330829758197,0.5446683446250179,3.55918025930573,126.0,1.0,1.423672103722292e-05,0.000504,4e-06,3.5644041573694126e-05,6.886384e-06,1.0,1.0,1.0,11,11
Zipf_s2.0,MisraGries,1.5,499998,250000,688,144,150,0.050879792019259185,0.10175999107848269,5.486918604651163,25.0,2.0,2.1947674418604654e-05,0.0001,8e-06,3.8282608839195955e-05,9.9475472e-05,1.0,1.0,1.0,7,7
Zipf_s2.0,LazySSÂą,1.5,499998,250000,688,150,150,0.05854762496892363,0.11709571832072055,3.6686046511627906,26.0,1.0,1.4674418604651163e-05,0.000104,4e-06,2.7303632946789757e-05,2.50928e-07,1.0,1.0,1.0,7,7
Zipf_s2.0,SSÂą,1.5,499998,250000,688,150,150,0.058427374984603375,0.11685521739007632,3.6686046511627906,26.0,1.0,1.4674418604651163e-05,0.000104,4e-06,2.7303632946789757e-05,2.50928e-07,1.0,1.0,1.0,7,7
Zipf_s2.0,DoubleSSÂą,1.5,499998,250000,688,150,150,0.07540229195728898,0.1508051871353265,9.911337209302326,157.0,1.0,3.9645348837209306e-05,0.000628,4e-06,0.0001171644640149349,2.38376e-06,1.0,1.0,1.0,7,7
Zipf_s2.0,IntegratedSSÂą,1.5,499998,250000,688,150,150,0.07113912503700703,0.14227881918929083,3.6686046511627906,26.0,1.0,1.4674418604651163e-05,0.000104,4e-06,2.7303632946789757e-05,2.50928e-07,1.0,1.0,1.0,7,7
Zipf_s2.0,CountMin,1.5,499998,250000,688,1360,1360,0.6044043329893611,1.2088135012327272,1.5799418604651163,14.0,1.0,6.319767441860465e-06,5.6e-05,4e-06,9.607409930954095e-06,4.041008e-06,1.0,1.0,1.0,7,7
Zipf_s2.0,Îą-CountMin,1.5,499998,250000,688,1632,1632,0.5007478329935111,1.00149967198571,1.2325581395348837,23.0,1.0,4.930232558139535e-06,9.2e-05,4e-06,1.0753041754626651e-05,3.22416e-07,1.0,1.0,1.0,7,7
Zipf_s2.0,CountSketch,1.5,499998,250000,688,150000,150000,1.0160795000265352,2.0321671287215852,0.0,0.0,0.0,0.0,0.0,0.0,0.0,0.0,1.0,1.0,1.0,7,7
Zipf_s2.0,Îą-CountSketch,1.5,499998,250000,688,120000,120000,0.8171709579764865,1.6343484533467865,0.0,0.0,0.0,0.0,0.0,0.0,0.0,0.0,1.0,1.0,1.0,7,7
Zipf_s2.0,LearnedISSÂą,1.5,499998,250000,688,145,150,0.18670987494988367,0.37342124358474166,1.7863372093023255,22.0,1.0,7.145348837209303e-06,8.8e-05,4e-06,1.1103110814877147e-05,9.88e-08,1.0,1.0,1.0,7,7
Uniform,MisraGries,1.5,499998,250000,49665,110,150,0.168207207985688,0.33641576163442255,5.03151112453438,16.0,5.0,2.0126044498137522e-05,6.4e-05,2e-05,2.19669521053365e-05,2.3975152e-05,1.0,1.0,1.0,0,0
Uniform,LazySSÂą,1.5,499998,250000,49665,150,150,1.539542916987557,3.0790981503677153,11.513762206785463,2157.0,5.0,4.6055048827141846e-05,0.008628,2e-05,0.00047354005629825766,5.6397984e-05,1.0,1.0,1.0,0,0
Uniform,SSÂą,1.5,499998,250000,49665,150,150,1.7866363750072196,3.573287043162612,10.029396959629517,1666.0,5.0,4.011758783851807e-05,0.006664,2e-05,0.00036565128119321036,4.8967328e-05,1.0,1.0,1.0,0,0
Uniform,DoubleSSÂą,1.5,499998,250000,49665,150,150,1.1185122079914436,2.2370333641163436,12.565569314406524,4999.0,5.0,5.026227725762609e-05,0.019996,2e-05,0.0007765493068271687,6.1075872e-05,0.0,1.0,0.0,0,75
Uniform,IntegratedSSÂą,1.5,499998,250000,49665,150,150,2.915845125040505,5.831713576935318,10.029396959629517,1666.0,5.0,4.011758783851807e-05,0.006664,2e-05,0.00036565128119321036,4.8967328e-05,1.0,1.0,1.0,0,0
Uniform,CountMin,1.5,499998,250000,49665,1360,1360,0.6412275419570506,1.2824602137549561,877.0040068458674,961.0,878.0,0.003508016027383469,0.003844,0.003512,0.0035090378699147323,0.003508005648,1.0,1.0,1.0,0,0
Uniform,Îą-CountMin,1.5,499998,250000,49665,1632,1632,0.5325959579786286,1.0651961767419642,581.6720829558038,652.0,583.0,0.0023266883318232155,0.002608,0.002332,0.002327884802112807,0.002326760768,1.0,1.0,1.0,0,0
Uniform,CountSketch,1.5,499998,250000,49665,150000,150000,1.0544862920069136,2.108981019937907,2.4710560757072386,13.0,2.0,9.884224302828954e-06,5.2e-05,8e-06,1.3306506788920526e-05,9.903776e-06,1.0,1.0,1.0,0,0
Uniform,Îą-CountSketch,1.5,499998,250000,49665,120000,120000,0.8510827500140294,1.7021723087172937,2.859820799355683,15.0,3.0,1.1439283197422732e-05,6e-05,1.2e-05,1.4104892468336666e-05,1.1495024e-05,1.0,1.0,1.0,0,0
Uniform,LearnedISSÂą,1.5,499998,250000,49665,150,150,2.7066029160050675,5.413227484920075,6.423437028088191,579.0,5.0,2.569374811235276e-05,0.002316,2e-05,0.00011529561006644608,3.0775072e-05,1.0,1.0,1.0,0,0
Binomial,MisraGries,1.5,499998,250000,19,19,150,0.049767250020522624,0.09953489818063797,0.0,0.0,0.0,0.0,0.0,0.0,0.0,0.0,1.0,1.0,1.0,11,11
Binomial,LazySSÂą,1.5,499998,250000,19,19,150,0.05130791699048132,0.10261624444594042,0.0,0.0,0.0,0.0,0.0,0.0,0.0,0.0,1.0,1.0,1.0,11,11
Binomial,SSÂą,1.5,499998,250000,19,19,150,0.05159183300565928,0.10318407874763355,0.0,0.0,0.0,0.0,0.0,0.0,0.0,0.0,1.0,1.0,1.0,11,11
Binomial,DoubleSSÂą,1.5,499998,250000,19,38,150,0.05388533300720155,0.1077710970987915,0.0,0.0,0.0,0.0,0.0,0.0,0.0,0.0,1.0,1.0,1.0,11,11
Binomial,IntegratedSSÂą,1.5,499998,250000,19,19,150,0.05574487498961389,0.11149019594001154,0.0,0.0,0.0,0.0,0.0,0.0,0.0,0.0,1.0,1.0,1.0,11,11
Binomial,CountMin,1.5,499998,250000,19,1360,1360,0.6028653749963269,1.2057355729349455,0.0,0.0,0.0,0.0,0.0,0.0,0.0,0.0,1.0,1.0,1.0,11,11
Binomial,Îą-CountMin,1.5,499998,250000,19,1632,1632,0.510891999991145,1.0217880871346383,0.0,0.0,0.0,0.0,0.0,0.0,0.0,0.0,1.0,1.0,1.0,11,11
Binomial,CountSketch,1.5,499998,250000,19,150000,150000,1.0262474999763072,2.052503209965454,0.0,0.0,0.0,0.0,0.0,0.0,0.0,0.0,1.0,1.0,1.0,11,11
Binomial,Îą-CountSketch,1.5,499998,250000,19,120000,120000,0.8352875420241617,1.6705817663753888,0.0,0.0,0.0,0.0,0.0,0.0,0.0,0.0,1.0,1.0,1.0,11,11
Binomial,LearnedISSÂą,1.5,499998,250000,19,19,150,0.14191850001225248,0.2838381353770465,0.0,0.0,0.0,0.0,0.0,0.0,0.0,0.0,1.0,1.0,1.0,11,11
MAWI,MisraGries,1.5,499998,250000,39988,146,150,0.08553962496807799,0.171079934255893,4.572896869060719,1216.0,1.0,1.8291587476242876e-05,0.004864,4e-06,0.00018078821453168365,0.002516204496,1.0,0.5294117647058824,0.6923076923076924,17,9
MAWI,LazySSÂą,1.5,499998,250000,39988,150,150,0.5014994160155766,1.0030028440425292,5.69258277483245,1255.0,1.0,2.2770331099329795e-05,0.00502,4e-06,0.00023520114683785485,0.000705599456,0.9444444444444444,1.0,0.9714285714285714,17,18
MAWI,SSÂą,1.5,499998,250000,39988,150,150,0.47284720902098343,0.9456982008347702,5.595628688606582,1222.0,1.0,2.238251475442633e-05,0.004888,4e-06,0.00022984057606767813,0.000635559136,0.9444444444444444,1.0,0.9714285714285714,17,18
MAWI,DoubleSSÂą,1.5,499998,250000,39988,150,150,0.5117330000502989,1.0234700939809738,9.496448934680403,4428.0,1.0,3.7985795738721615e-05,0.017712,4e-06,0.0006246262852289036,0.002512730848,0.21621621621621623,0.9411764705882353,0.3516483516483517,17,74
MAWI,IntegratedSSÂą,1.5,499998,250000,39988,150,150,0.7858906660112552,1.5717876191729871,5.595628688606582,1222.0,1.0,2.238251475442633e-05,0.004888,4e-06,0.00022984057606767813,0.000635559136,0.9444444444444444,1.0,0.9714285714285714,17,18
MAWI,CountMin,1.5,499998,250000,39988,1360,1360,1.1468141250079498,2.293637424565598,262.204511353406,1912.0,247.0,0.0010488180454136242,0.007648,0.000988,0.0010980609413640413,0.001050754336,0.8947368421052632,1.0,0.9444444444444444,17,19
MAWI,Îą-CountMin,1.5,499998,250000,39988,1632,1632,0.947738750022836,1.895485081986,164.8990697209163,1952.0,152.0,0.0006595962788836652,0.007808,0.000608,0.0007044270463568898,0.000674104992,1.0,1.0,1.0,17,17
MAWI,CountSketch,1.5,499998,250000,39988,150000,150000,2.0964687500381842,4.1929542718934565,0.44418325497649297,806.0,0.0,1.7767330199059717e-06,0.003224,0.0,1.6428638715700558e-05,1.900592e-06,1.0,1.0,1.0,17,17
MAWI,Îą-CountSketch,1.5,499998,250000,39988,120000,120000,1.7060985420248471,3.4122107328926257,0.5953536060818245,588.0,0.0,2.381414424327298e-06,0.002352,0.0,1.487092274551216e-05,2.566704e-06,1.0,1.0,1.0,17,17
MAWI,LearnedISSÂą,1.5,499998,250000,39988,150,150,0.7574722080025822,1.5149504758070675,2.460888266479944,513.0,1.0,9.843553065919777e-06,0.002052,4e-06,4.6577887993069936e-05,0.000117277856,1.0,1.0,1.0,17,17
Zipf_s1.0,MisraGries,2.0,499999,166667,26335,70,200,0.1337702920427546,0.26754111916774753,4.800797417884944,636.0,1.0,2.880472689785587e-05,0.003815992368015264,5.999988000024e-06,0.00015748894853638426,0.0015646297014749355,1.0,0.75,0.8571428571428571,8,6
Zipf_s1.0,LazySSÂą,2.0,499999,166667,26335,200,200,1.0225103329867125,2.0450247560229373,8.419707613442187,743.0,1.0,5.0518144644363835e-05,0.004457991084017832,5.999988000024e-06,0.00034889020729098687,0.0005836307454746836,0.8888888888888888,1.0,0.9411764705882353,8,9
Zipf_s1.0,SSÂą,2.0,499999,166667,26335,200,200,0.9903810000396334,1.98076596161119,7.516309094361117,632.0,1.0,4.509776437063796e-05,0.003791992416015168,5.999988000024e-06,0.00029442054837155746,0.0003330656637360128,1.0,1.0,1.0,8,8
Zipf_s1.0,DoubleSSÂą,2.0,499999,166667,26335,200,200,1.0048488330212422,2.0097016854458554,12.5450161382191,2751.0,1.0,7.526994628942201e-05,0.016505966988066025,5.999988000024e-06,0.0008973312616837651,0.0012864695421166857,0.08695652173913043,1.0,0.16,8,92
Zipf_s1.0,IntegratedSSÂą,2.0,499999,166667,26335,200,200,1.5821159999468364,3.1642383283703293,7.516309094361117,632.0,1.0,4.509776437063796e-05,0.003791992416015168,5.999988000024e-06,0.00029442054837155746,0.0003330656637360128,1.0,1.0,1.0,8,8
Zipf_s1.0,CountMin,2.0,499999,166667,26335,1360,1360,0.6536031659925357,1.3072089464029641,266.84902221378394,748.0,273.0,0.0016010909311008415,0.004487991024017952,0.001637996724006552,0.0016397329962450334,0.0016140506277910326,0.8,1.0,0.888888888888889,8,10
Zipf_s1.0,Îą-CountMin,2.0,499999,166667,26335,2176,2176,0.5525242909789085,1.1050507920594013,122.73464970571483,424.0,120.0,0.0007364064254214382,0.002543994912010176,0.00071999856000288,0.0007543028715555487,0.0007319857560540478,1.0,1.0,1.0,8,8
Zipf_s1.0,CountSketch,2.0,499999,166667,26335,150000,150000,1.07661420898512,2.153232724435689,0.35561040440478453,53.0,0.0,2.133658159112389e-06,0.000317999364001272,0.0,5.9581486417623935e-06,2.754060983745049e-06,1.0,1.0,1.0,8,8
Zipf_s1.0,Îą-CountSketch,2.0,499999,166667,26335,120000,120000,0.8745739579899237,1.7491514142826758,0.7398139358268464,41.0,0.0,4.438874737211604e-06,0.000245999508000984,0.0,9.722611958884914e-06,5.983788064823806e-06,1.0,1.0,1.0,8,8
Zipf_s1.0,LearnedISSÂą,2.0,499999,166667,26335,200,200,1.0589159579831176,2.1178361516385387,3.3925954053540917,196.0,1.0,2.035553172106111e-05,0.001175997648004704,5.999988000024e-06,5.130732692339809e-05,7.668786524823225e-05,1.0,1.0,1.0,8,8
Zipf_s1.5,MisraGries,2.0,499999,166667,3745,116,200,0.05423000000882894,0.10846021693809176,5.957543391188251,111.0,1.0,3.574518885675179e-05,0.000665998668002664,5.999988000024e-06,0.00010971377214415756,0.000621748221004629,1.0,0.9090909090909091,0.9523809523809523,11,10
Zipf_s1.5,LazySSÂą,2.0,499999,166667,3745,200,200,0.12126966600771993,0.24253981709507408,5.980240320427236,111.0,1.0,3.5881370159823106e-05,0.000665998668002664,5.999988000024e-06,0.00011039485079008168,1.4207703169130493e-05,1.0,1.0,1.0,11,11
Zipf_s1.5,SSÂą,2.0,499999,166667,3745,200,200,0.12128833396127447,0.2425771530768551,5.980240320427236,111.0,1.0,3.5881370159823106e-05,0.000665998668002664,5.999988000024e-06,0.00011039485079008168,1.4207703169130493e-05,1.0,1.0,1.0,11,11
Zipf_s1.5,DoubleSSÂą,2.0,499999,166667,3745,200,200,0.19621458294568583,0.3924299507512732,13.579706275033377,642.0,1.0,8.147807469405088e-05,0.0038519922960154078,5.999988000024e-06,0.0004484277293982537,8.940531837836886e-05,1.0,1.0,1.0,11,11
Zipf_s1.5,IntegratedSSÂą,2.0,499999,166667,3745,200,200,0.171618958003819,0.34323860248484295,5.980240320427236,111.0,1.0,3.5881370159823106e-05,0.000665998668002664,5.999988000024e-06,0.00011039485079008168,1.4207703169130493e-05,1.0,1.0,1.0,11,11
Zipf_s1.5,CountMin,2.0,499999,166667,3745,1360,1360,0.6119349159998819,1.2238722797443233,25.180240320427238,162.0,23.0,0.0001510811397602839,0.000971998056003888,0.000137999724000552,0.00017315679463247207,0.0001450234039058043,1.0,1.0,1.0,11,11
Zipf_s1.5,Îą-CountMin,2.0,499999,166667,3745,2176,2176,0.5250346669927239,1.0500714341283162,8.848865153538052,92.0,8.0,5.3093084735058835e-05,0.000551998896002208,4.7999904000192e-05,6.259842407676959e-05,5.4977072091491724e-05,1.0,1.0,1.0,11,11
Zipf_s1.5,CountSketch,2.0,499999,166667,3745,150000,150000,1.0317872920422815,2.0635787112419854,0.004806408544726302,2.0,0.0,2.8838393591570626e-08,1.1999976000048e-05,0.0,4.384695802059613e-07,2.303990784027648e-09,1.0,1.0,1.0,11,11
Zipf_s1.5,Îą-CountSketch,2.0,499999,166667,3745,120000,120000,0.839528291951865,1.6790599420236139,0.04299065420560748,7.0,0.0,2.5794340934682613e-07,4.1999916000168e-05,0.0,1.4509302263677645e-06,1.1581153675338974e-07,1.0,1.0,1.0,11,11
Zipf_s1.5,LearnedISSÂą,2.0,499999,166667,3745,200,200,0.2645640000118874,0.5291290582818914,2.684646194926569,81.0,1.0,1.6107844953869507e-05,0.000485999028001944,5.999988000024e-06,3.324079501693643e-05,4.540913836326491e-06,1.0,1.0,1.0,11,11
Zipf_s2.0,MisraGries,2.0,499999,166667,575,154,200,0.05172170797595754,0.10344362283916075,3.146086956521739,9.0,1.0,1.887648398616246e-05,5.3999892000216e-05,5.999988000024e-06,2.6467449698559883e-05,5.380279278861363e-05,1.0,1.0,1.0,7,7
Zipf_s2.0,LazySSÂą,2.0,499999,166667,575,200,200,0.05802091700024903,0.11604206608463023,2.2330434782608695,9.0,1.0,1.3398234073097071e-05,5.3999892000216e-05,5.999988000024e-06,2.016691498809509e-05,1.2110351558545325e-07,1.0,1.0,1.0,7,7
Zipf_s2.0,SSÂą,2.0,499999,166667,575,200,200,0.05829891603207216,0.11659806526027483,2.2330434782608695,9.0,1.0,1.3398234073097071e-05,5.3999892000216e-05,5.999988000024e-06,2.016691498809509e-05,1.2110351558545325e-07,1.0,1.0,1.0,7,7
Zipf_s2.0,DoubleSSÂą,2.0,499999,166667,575,200,200,0.067926624964457,0.1358535216359573,6.791304347826087,79.0,1.0,4.074774459146734e-05,0.000473999052001896,5.999988000024e-06,0.00010787768624096055,1.137415450333649e-06,1.0,1.0,1.0,7,7
Zipf_s2.0,IntegratedSSÂą,2.0,499999,166667,575,200,200,0.06687054201029241,0.1337413515032878,2.2330434782608695,9.0,1.0,1.3398234073097071e-05,5.3999892000216e-05,5.999988000024e-06,2.016691498809509e-05,1.2110351558545325e-07,1.0,1.0,1.0,7,7
Zipf_s2.0,CountMin,2.0,499999,166667,575,1360,1360,0.6131543749943376,1.2263112026110803,0.9356521739130435,7.0,1.0,5.613901815674629e-06,4.1999916000168e-05,5.999988000024e-06,8.839419643406573e-06,5.076051695772913e-06,1.0,1.0,1.0,7,7
Zipf_s2.0,Îą-CountMin,2.0,499999,166667,575,2176,2176,0.5568954999907874,1.1137932275680298,0.22434782608695653,3.0,0.0,1.3460842643532104e-06,1.7999964000072e-05,0.0,3.4216632294532826e-06,1.0244839020602939e-06,1.0,1.0,1.0,7,7
Zipf_s2.0,CountSketch,2.0,499999,166667,575,150000,150000,1.1129801660426892,2.2259647840149466,0.0,0.0,0.0,0.0,0.0,0.0,0.0,0.0,1.0,1.0,1.0,7,7
Zipf_s2.0,Îą-CountSketch,2.0,499999,166667,575,120000,120000,0.8347422080114484,1.6694877549984068,0.0,0.0,0.0,0.0,0.0,0.0,0.0,0.0,1.0,1.0,1.0,7,7
Zipf_s2.0,LearnedISSÂą,2.0,499999,166667,575,189,200,0.1866184159880504,0.3732375784512577,1.0713043478260869,9.0,1.0,6.427813231330059e-06,5.3999892000216e-05,5.999988000024e-06,8.924009318544965e-06,5.6771772912681264e-08,1.0,1.0,1.0,7,7
Uniform,MisraGries,2.0,499999,166667,48246,42,200,0.2075039169867523,0.4150086639908326,3.4536541889483066,14.0,3.0,2.072188368992246e-05,8.3999832000336e-05,1.7999964000072e-05,2.3193708266442663e-05,2.5959748160903517e-05,1.0,1.0,1.0,0,0
Uniform,LazySSÂą,2.0,499999,166667,48246,200,200,1.750138417002745,3.500283834573159,8.432595448327323,1209.0,3.0,5.059547149902094e-05,0.007253985492029016,1.7999964000072e-05,0.00046620222359500306,6.451354194557416e-05,1.0,1.0,1.0,0,0
Uniform,SSÂą,2.0,499999,166667,48246,200,200,2.021726833016146,4.043461752955798,6.872030841935083,833.0,3.0,4.123210258740532e-05,0.004997990004019992,1.7999964000072e-05,0.00032103458956088307,5.2412118351316946e-05,1.0,1.0,1.0,0,0
Uniform,DoubleSSÂą,2.0,499999,166667,48246,200,200,1.4555696250172332,2.911145072324611,10.344774696347883,3333.0,3.0,6.206852404103922e-05,0.019997960004079992,1.7999964000072e-05,0.0009095955648582742,8.01498274003698e-05,0.0,1.0,0.0,0,100
Uniform,IntegratedSSÂą,2.0,499999,166667,48246,200,200,3.13207687495742,6.264166278247396,6.872030841935083,833.0,3.0,4.123210258740532e-05,0.004997990004019992,1.7999964000072e-05,0.00032103458956088307,5.2412118351316946e-05,1.0,1.0,1.0,0,0
Uniform,CountMin,2.0,499999,166667,48246,1360,1360,0.6372627500095405,1.2745280490751791,579.7826555569374,642.0,580.0,0.0034786889759636725,0.0038519922960154078,0.00347999304001392,0.0034801869784046,0.0034786420014180797,1.0,1.0,1.0,0,0
Uniform,Îą-CountMin,2.0,499999,166667,48246,2176,2176,0.5439945409889333,1.0879912579603823,284.8280686481781,328.0,285.0,0.0017089649939590805,0.001967996064007872,0.00170999658000684,0.0017105007853569383,0.0017087396090347288,1.0,1.0,1.0,0,0
Uniform,CountSketch,2.0,499999,166667,48246,150000,150000,1.052163082989864,2.1043303746404773,1.5772292003482153,9.0,1.0,9.463356275376741e-06,5.3999892000216e-05,5.999988000024e-06,1.3249916891578776e-05,9.471454114145658e-06,1.0,1.0,1.0,0,0
Uniform,Îą-CountSketch,2.0,499999,166667,48246,120000,120000,0.8596117090201005,1.719226856493914,1.8614600174107698,10.0,2.0,1.1168737766989084e-05,5.999988000024e-05,1.1999976000048e-05,1.4178168496989951e-05,1.126590293634319e-05,1.0,1.0,1.0,0,0
Uniform,LearnedISSÂą,2.0,499999,166667,48246,200,200,2.9686590419732966,5.937329958606511,4.513576255026323,324.0,3.0,2.7081403367351206e-05,0.001943996112007776,1.7999964000072e-05,0.00011359124262131447,3.412055551764145e-05,1.0,1.0,1.0,0,0
Binomial,MisraGries,2.0,499999,166667,19,19,200,0.05812579102348536,0.11625181455059984,0.0,0.0,0.0,0.0,0.0,0.0,0.0,0.0,1.0,1.0,1.0,11,11
Binomial,LazySSÂą,2.0,499999,166667,19,19,200,0.052678874984849244,0.10535796068561985,0.0,0.0,0.0,0.0,0.0,0.0,0.0,0.0,1.0,1.0,1.0,11,11
Binomial,SSÂą,2.0,499999,166667,19,19,200,0.05323745898203924,0.10647513091434031,0.0,0.0,0.0,0.0,0.0,0.0,0.0,0.0,1.0,1.0,1.0,11,11
Binomial,DoubleSSÂą,2.0,499999,166667,19,38,200,0.0546347500057891,0.1092697185510153,0.0,0.0,0.0,0.0,0.0,0.0,0.0,0.0,1.0,1.0,1.0,11,11
Binomial,IntegratedSSÂą,2.0,499999,166667,19,19,200,0.05889483296778053,0.11778990151536409,0.0,0.0,0.0,0.0,0.0,0.0,0.0,0.0,1.0,1.0,1.0,11,11
Binomial,CountMin,2.0,499999,166667,19,1360,1360,0.6098640409763902,1.2197305214138232,0.0,0.0,0.0,0.0,0.0,0.0,0.0,0.0,1.0,1.0,1.0,11,11
Binomial,Îą-CountMin,2.0,499999,166667,19,2176,2176,0.5310197499929927,1.0620416240692336,0.0,0.0,0.0,0.0,0.0,0.0,0.0,0.0,1.0,1.0,1.0,11,11
Binomial,CountSketch,2.0,499999,166667,19,150000,150000,1.02272016601637,2.045444422921586,0.0,0.0,0.0,0.0,0.0,0.0,0.0,0.0,1.0,1.0,1.0,11,11
Binomial,Îą-CountSketch,2.0,499999,166667,19,120000,120000,0.8491113330237567,1.6982260624996384,0.0,0.0,0.0,0.0,0.0,0.0,0.0,0.0,1.0,1.0,1.0,11,11
Binomial,LearnedISSÂą,2.0,499999,166667,19,19,200,0.14836820802884176,0.29673700953170257,0.0,0.0,0.0,0.0,0.0,0.0,0.0,0.0,1.0,1.0,1.0,11,11
MAWI,MisraGries,2.0,499999,166667,27453,184,200,0.07777274999534711,0.15554581108231638,3.9609878701781227,550.0,1.0,2.3765879689309356e-05,0.0032999934000132,5.999988000024e-06,0.000170658601320499,0.0018868714685065784,1.0,0.6111111111111112,0.7586206896551725,18,11
MAWI,LazySSÂą,2.0,499999,166667,27453,200,200,0.3884082079748623,0.7768179695856637,5.121881033038283,547.0,1.0,3.073122473578023e-05,0.003281993436013128,5.999988000024e-06,0.00022813547626805136,0.00037437308650615646,1.0,1.0,1.0,18,18
MAWI,SSÂą,2.0,499999,166667,27453,200,200,0.34103650000179186,0.682074364152312,5.107711361235566,545.0,1.0,3.064620687499965e-05,0.00326999346001308,5.999988000024e-06,0.00022732895158857798,0.00036889711241007477,1.0,1.0,1.0,18,18
MAWI,DoubleSSÂą,2.0,499999,166667,27453,200,200,0.6009226670139469,1.2018477377233692,9.892944304811861,2755.0,1.0,5.9357547113776946e-05,0.01652996694006612,5.999988000024e-06,0.0007931759812197946,0.001890581325667135,0.20689655172413793,1.0,0.34285714285714286,18,87
MAWI,IntegratedSSÂą,2.0,499999,166667,27453,200,200,0.5689652920118533,1.1379328598894263,5.107711361235566,545.0,1.0,3.064620687499965e-05,0.00326999346001308,5.999988000024e-06,0.00022732895158857798,0.00036889711241007477,1.0,1.0,1.0,18,18
MAWI,CountMin,2.0,499999,166667,27453,1360,1360,1.1429322499898262,2.2858690717177956,168.56332641241394,1212.0,159.0,0.0010113779357186121,0.007271985456029088,0.000953998092003816,0.0010583895994698406,0.001020660753352904,1.0,1.0,1.0,18,18
MAWI,Îą-CountMin,2.0,499999,166667,27453,2176,2176,0.9704664589953609,1.9409367998643214,74.83881543000766,931.0,70.0,0.0004490319945160569,0.005585988828022344,0.00041999916000168,0.0004814998188797869,0.0004407812648731774,1.0,1.0,1.0,18,18
MAWI,CountSketch,2.0,499999,166667,27453,150000,150000,2.180415707989596,4.3608401376594665,0.26193858594689107,33.0,0.0,1.5716283724246014e-06,0.000197999604000792,0.0,3.5861096488315146e-06,1.8238247046938858e-06,1.0,1.0,1.0,18,18
MAWI,Îą-CountSketch,2.0,499999,166667,27453,120000,120000,1.7152654999517836,3.4305378609792894,0.41871562306487453,411.0,0.0,2.5122887138118193e-06,0.002465995068009864,0.0,1.6755082391028483e-05,2.9556961772034683e-06,1.0,1.0,1.0,18,18
MAWI,LearnedISSÂą,2.0,499999,166667,27453,200,200,0.6473468749900348,1.2946963393727484,2.114814410082687,302.0,1.0,1.2688861082773957e-05,0.001811996376007248,5.999988000024e-06,4.336872826024024e-05,6.766788532818801e-05,1.0,1.0,1.0,18,18
Zipf_s1.0,MisraGries,4.0,499999,71429,16173,186,400,0.06251924997195601,0.12503875002141207,3.049712483769245,123.0,1.0,4.269571859845784e-05,0.0017219896680619917,1.3999916000503996e-05,0.00013680014293467727,0.0008325758610596946,1.0,0.875,0.9333333333333333,8,7
Zipf_s1.0,LazySSÂą,4.0,499999,71429,16173,400,400,0.46671354200225323,0.9334289508624082,4.610894701044951,123.0,1.0,6.455213850179832e-05,0.0017219896680619917,1.3999916000503996e-05,0.00023767044834708902,0.00017074805501719287,1.0,1.0,1.0,8,8
Zipf_s1.0,SSÂą,4.0,499999,71429,16173,400,400,0.46786729199811816,0.9357364554691473,4.610894701044951,123.0,1.0,6.455213850179832e-05,0.0017219896680619917,1.3999916000503996e-05,0.00023767044834708902,0.00017074805501719287,1.0,1.0,1.0,8,8
Zipf_s1.0,DoubleSSÂą,4.0,499999,71429,16173,400,400,1.663535458035767,3.3270775702266744,13.399245656340815,1086.0,1.0,0.00018758831365888948,0.01520390877654734,1.3999916000503996e-05,0.0014962138486427849,0.000785765154789855,0.047619047619047616,1.0,0.0909090909090909,8,168
Zipf_s1.0,IntegratedSSÂą,4.0,499999,71429,16173,400,400,0.7530913749942556,1.5061857623600359,4.610894701044951,123.0,1.0,6.455213850179832e-05,0.0017219896680619917,1.3999916000503996e-05,0.00023767044834708902,0.00017074805501719287,1.0,1.0,1.0,8,8
Zipf_s1.0,CountMin,4.0,499999,71429,16173,1360,1360,0.6431058339658193,1.2862142403601193,113.80207753663514,315.0,115.0,0.0015932195261957344,0.004409973540158759,0.0016099903400579596,0.0016321703415191487,0.001588652468113191,0.8,1.0,0.888888888888889,8,10
Zipf_s1.0,Îą-CountMin,4.0,499999,71429,16173,3264,3264,0.4153099170071073,0.8306214952572052,23.729301922958015,190.0,23.0,0.0003322082336720102,0.0026599840400957594,0.00032199806801159195,0.00035146014060755587,0.00031060472473212145,1.0,1.0,1.0,8,8
Zipf_s1.0,CountSketch,4.0,499999,71429,16173,150000,150000,1.0570053749834187,2.1140149779967934,0.1296605453533667,18.0,0.0,1.8152367435266728e-06,0.0002519984880090719,0.0,6.615213738370854e-06,2.2671047946608484e-06,1.0,1.0,1.0,8,8
Zipf_s1.0,Îą-CountSketch,4.0,499999,71429,16173,90000,90000,0.6636597920442,1.3273222387328774,0.46225190131700983,41.0,0.0,6.471487789511401e-06,0.0005739965560206639,0.0,1.7355844754289176e-05,6.189213729212438e-06,1.0,1.0,1.0,8,8
Zipf_s1.0,LearnedISSÂą,4.0,499999,71429,16173,400,400,1.0039768749848008,2.0079577658851333,2.1833302417609595,84.0,1.0,3.0566439986013516e-05,0.0011759929440423357,1.3999916000503996e-05,5.336036425470924e-05,5.0185981766412106e-05,1.0,1.0,1.0,8,8
Zipf_s1.5,MisraGries,4.0,499999,71429,2266,309,400,0.05422308295965195,0.10844638281206952,2.831421006178288,16.0,1.0,3.963965624855854e-05,0.00022399865600806394,1.3999916000503996e-05,6.778996116440157e-05,0.0002137807106237764,1.0,1.0,1.0,11,11
Zipf_s1.5,LazySSÂą,4.0,499999,71429,2266,400,400,0.09738654101965949,0.19477347158626215,2.849955869373345,16.0,1.0,3.989914277637017e-05,0.00022399865600806394,1.3999916000503996e-05,6.830222395246993e-05,4.261968856220294e-06,1.0,1.0,1.0,11,11
Zipf_s1.5,SSÂą,4.0,499999,71429,2266,400,400,0.09741954202763736,0.1948394737342222,2.849955869373345,16.0,1.0,3.989914277637017e-05,0.00022399865600806394,1.3999916000503996e-05,6.830222395246993e-05,4.261968856220294e-06,1.0,1.0,1.0,11,11
Zipf_s1.5,DoubleSSÂą,4.0,499999,71429,2266,400,400,0.24225524999201298,0.48451146900696396,10.714033539276258,192.0,1.0,0.00014999556957645012,0.0026879838720967673,1.3999916000503996e-05,0.0005509516928285874,4.0497034034133695e-05,1.0,1.0,1.0,11,11
Zipf_s1.5,IntegratedSSÂą,4.0,499999,71429,2266,400,400,0.12905124999815598,0.2581030162023444,2.849955869373345,16.0,1.0,3.989914277637017e-05,0.00022399865600806394,1.3999916000503996e-05,6.830222395246993e-05,4.261968856220294e-06,1.0,1.0,1.0,11,11
Zipf_s1.5,CountMin,4.0,499999,71429,2266,1360,1360,0.6266985419788398,1.2533995907568611,10.810238305383937,67.0,10.0,0.0001513424282208058,0.0009379943720337678,0.00013999916000503998,0.0001739567886476081,0.00015201577580521776,0.9166666666666666,1.0,0.9565217391304348,11,12
Zipf_s1.5,Îą-CountMin,4.0,499999,71429,2266,3264,3264,0.4004141659825109,0.800829933624889,1.387908208296558,60.0,1.0,1.9430598332561813e-05,0.0008399949600302398,1.3999916000503996e-05,3.591517493139776e-05,1.3158498097549123e-05,1.0,1.0,1.0,11,11
Zipf_s1.5,CountSketch,4.0,499999,71429,2266,150000,150000,1.0330393329495564,2.066082798064709,0.00176522506619594,2.0,0.0,2.4713002648727266e-08,2.7999832001007993e-05,0.0,7.203956841928064e-07,2.155974128232846e-09,1.0,1.0,1.0,11,11
Zipf_s1.5,Îą-CountSketch,4.0,499999,71429,2266,90000,90000,0.6429402500507422,1.2858830718676282,0.03574580759046778,3.0,0.0,5.004383036367271e-07,4.199974800151199e-05,0.0,2.955671500752573e-06,2.0814950219848024e-07,1.0,1.0,1.0,11,11
Zipf_s1.5,LearnedISSÂą,4.0,499999,71429,2266,400,400,0.49033075000625104,0.9806634613394248,1.3918799646954987,12.0,1.0,1.9486202588521448e-05,0.00016799899200604796,1.3999916000503996e-05,2.5904210753313504e-05,1.8421818937509565e-06,1.0,1.0,1.0,11,11
Zipf_s2.0,MisraGries,4.0,499999,71429,369,369,400,0.05241054203361273,0.10482129370981288,0.0,0.0,0.0,0.0,0.0,0.0,0.0,0.0,1.0,1.0,1.0,7,7
Zipf_s2.0,LazySSÂą,4.0,499999,71429,369,369,400,0.05681575002381578,0.11363172731108619,0.0,0.0,0.0,0.0,0.0,0.0,0.0,0.0,1.0,1.0,1.0,7,7
Zipf_s2.0,SSÂą,4.0,499999,71429,369,369,400,0.05717799998819828,0.11435622868885394,0.0,0.0,0.0,0.0,0.0,0.0,0.0,0.0,1.0,1.0,1.0,7,7
Zipf_s2.0,DoubleSSÂą,4.0,499999,71429,369,400,400,0.0716288749827072,0.14325803648148738,3.4525745257452574,16.0,1.0,4.833575334591353e-05,0.00022399865600806394,1.3999916000503996e-05,9.140058956355916e-05,4.492266092645167e-07,1.0,1.0,1.0,7,7
Zipf_s2.0,IntegratedSSÂą,4.0,499999,71429,369,369,400,0.06480166700202972,0.12960359321124587,0.0,0.0,0.0,0.0,0.0,0.0,0.0,0.0,1.0,1.0,1.0,7,7
Zipf_s2.0,CountMin,4.0,499999,71429,369,1360,1360,0.6230823750374839,1.2461672424094525,0.23306233062330622,5.0,0.0,3.262853051607978e-06,6.999958000251999e-05,0.0,8.684731956554409e-06,2.3198281619785426e-06,1.0,1.0,1.0,7,7
Zipf_s2.0,Îą-CountMin,4.0,499999,71429,369,3264,3264,0.3952705829869956,0.7905427470594852,0.013550135501355014,1.0,0.0,1.897007588144173e-07,1.3999916000503996e-05,0.0,1.629660912163543e-06,2.351971776254014e-09,1.0,1.0,1.0,7,7
Zipf_s2.0,CountSketch,4.0,499999,71429,369,150000,150000,1.0285724999848753,2.057149114267979,0.0,0.0,0.0,0.0,0.0,0.0,0.0,0.0,1.0,1.0,1.0,7,7
Zipf_s2.0,Îą-CountSketch,4.0,499999,71429,369,90000,90000,0.6300728339701891,1.2601481882367547,0.0,0.0,0.0,0.0,0.0,0.0,0.0,0.0,1.0,1.0,1.0,7,7
Zipf_s2.0,LearnedISSÂą,4.0,499999,71429,369,350,400,0.1929345420212485,0.38586985578220856,0.051490514905149054,1.0,0.0,7.208628834947856e-07,1.3999916000503996e-05,0.0,3.1767939525263673e-06,3.7239553124021888e-09,1.0,1.0,1.0,7,7
Uniform,MisraGries,4.0,499999,71429,38025,53,400,0.08803487499244511,0.17607010212509447,1.8770808678500985,10.0,2.0,2.627897447605452e-05,0.00013999916000503998,2.7999832001007993e-05,2.987390760600898e-05,3.394875261374648e-05,1.0,1.0,1.0,0,0
Uniform,LazySSÂą,4.0,499999,71429,38025,400,400,1.4177407079841942,2.835487086942562,3.9474293228139383,201.0,2.0,5.526367893732151e-05,0.0028139831161013034,2.7999832001007993e-05,0.0002874167132685834,7.098799614149074e-05,1.0,1.0,1.0,0,0
Uniform,SSÂą,4.0,499999,71429,38025,400,400,0.9273815000196919,1.8547667095728029,3.7061406969099275,178.0,2.0,5.188565844278832e-05,0.0024919850480897114,2.7999832001007993e-05,0.00025467998991489366,6.664547225193374e-05,1.0,1.0,1.0,0,0
Uniform,DoubleSSÂą,4.0,499999,71429,38025,400,400,2.7049589169910178,5.4099286538393425,9.367179487179488,1428.0,2.0,0.00013113972598215694,0.01999188004871971,2.7999832001007993e-05,0.0014483452001236657,0.00016725694491063982,0.0,1.0,0.0,0,200
Uniform,IntegratedSSÂą,4.0,499999,71429,38025,400,400,1.459397208003793,2.918800253608093,3.7061406969099275,178.0,2.0,5.188565844278832e-05,0.0024919850480897114,2.7999832001007993e-05,0.00025467998991489366,6.664547225193374e-05,1.0,1.0,1.0,0,0
Uniform,CountMin,4.0,499999,71429,38025,1360,1360,0.6330880000023171,1.266178532361699,241.8429191321499,286.0,242.0,0.00338578055316678,0.004003975976144143,0.003387979672121967,0.0033891744281268157,0.0033865249775783543,1.0,1.0,1.0,0,0
Uniform,Îą-CountMin,4.0,499999,71429,38025,3264,3264,0.4215865840087645,0.8431748543672377,57.378566732412885,80.0,57.0,0.0008032951144830935,0.0011199932800403198,0.0007979952120287278,0.0008074815288577664,0.0008034182709518255,1.0,1.0,1.0,0,0
Uniform,CountSketch,4.0,499999,71429,38025,150000,150000,1.0634137919987552,2.126831837661186,0.5732544378698224,5.0,0.0,8.02551397709365e-06,6.999958000251999e-05,0.0,1.3460261065589373e-05,8.022771726450463e-06,1.0,1.0,1.0,0,0
Uniform,Îą-CountSketch,4.0,499999,71429,38025,90000,90000,0.6510821250267327,1.302166854387174,1.0998816568047338,7.0,1.0,1.5398250805761434e-05,9.799941200352798e-05,1.3999916000503996e-05,2.1515226035759185e-05,1.5455982527653252e-05,1.0,1.0,1.0,0,0
Uniform,LearnedISSÂą,4.0,499999,71429,38025,400,400,2.600379875046201,5.200770151632706,2.6969099276791586,100.0,2.0,3.775651244843352e-05,0.0013999916000503997,2.7999832001007993e-05,0.00013049978203972116,4.854646144071504e-05,1.0,1.0,1.0,0,0
Binomial,MisraGries,4.0,499999,71429,18,18,400,0.052875166991725564,0.1057505454845421,0.0,0.0,0.0,0.0,0.0,0.0,0.0,0.0,1.0,1.0,1.0,11,11
Binomial,LazySSÂą,4.0,499999,71429,18,18,400,0.054803250008262694,0.10960671922996384,0.0,0.0,0.0,0.0,0.0,0.0,0.0,0.0,1.0,1.0,1.0,11,11
Binomial,SSÂą,4.0,499999,71429,18,18,400,0.05514499999117106,0.11029022056278326,0.0,0.0,0.0,0.0,0.0,0.0,0.0,0.0,1.0,1.0,1.0,11,11
Binomial,DoubleSSÂą,4.0,499999,71429,18,38,400,0.055143208999652416,0.11028663857258197,0.0,0.0,0.0,0.0,0.0,0.0,0.0,0.0,1.0,1.0,1.0,11,11
Binomial,IntegratedSSÂą,4.0,499999,71429,18,18,400,0.06271016702521592,0.12542058489160163,0.0,0.0,0.0,0.0,0.0,0.0,0.0,0.0,1.0,1.0,1.0,11,11
Binomial,CountMin,4.0,499999,71429,18,1360,1360,0.6072969579836354,1.214596345159961,0.0,0.0,0.0,0.0,0.0,0.0,0.0,0.0,1.0,1.0,1.0,11,11
Binomial,Îą-CountMin,4.0,499999,71429,18,3264,3264,0.39946129103191197,0.7989241799121838,0.0,0.0,0.0,0.0,0.0,0.0,0.0,0.0,1.0,1.0,1.0,11,11
Binomial,CountSketch,4.0,499999,71429,18,150000,150000,1.0196270419983193,2.0392581625129638,0.0,0.0,0.0,0.0,0.0,0.0,0.0,0.0,1.0,1.0,1.0,11,11
Binomial,Îą-CountSketch,4.0,499999,71429,18,90000,90000,0.6343242499860935,1.2686510372742617,0.0,0.0,0.0,0.0,0.0,0.0,0.0,0.0,1.0,1.0,1.0,11,11
Binomial,LearnedISSÂą,4.0,499999,71429,18,19,400,0.14927574998000637,0.2985520970642069,0.0,0.0,0.0,0.0,0.0,0.0,0.0,0.0,1.0,1.0,1.0,11,11
MAWI,MisraGries,4.0,499999,71429,12819,361,400,0.061083125008735806,0.12216649435046031,2.7215071378422655,87.0,1.0,3.810087132456376e-05,0.0012179926920438478,1.3999916000503996e-05,0.00013112538477953143,0.0008160563952938785,1.0,0.8333333333333334,0.9090909090909091,18,15
MAWI,LazySSÂą,4.0,499999,71429,12819,400,400,0.25996991602005437,0.5199408719218526,3.466573055620563,88.0,1.0,4.8531731588298344e-05,0.0012319926080443517,1.3999916000503996e-05,0.0001731444527310401,0.00010867324791711276,1.0,1.0,1.0,18,18
MAWI,SSÂą,4.0,499999,71429,12819,400,400,0.26001095899846405,0.5200229580428442,3.466573055620563,88.0,1.0,4.8531731588298344e-05,0.0012319926080443517,1.3999916000503996e-05,0.0001731444527310401,0.00010867324791711276,1.0,1.0,1.0,18,18
MAWI,DoubleSSÂą,4.0,499999,71429,12819,400,400,0.9041892910026945,1.8083821987697866,11.450113113347374,960.0,1.0,0.00016030062178313254,0.013439919360483837,1.3999916000503996e-05,0.0012955521626014579,0.0011804317027770711,0.1232876712328767,1.0,0.2195121951219512,18,146
MAWI,IntegratedSSÂą,4.0,499999,71429,12819,400,400,0.4019367500441149,0.8038751078384455,3.466573055620563,88.0,1.0,4.8531731588298344e-05,0.0012319926080443517,1.3999916000503996e-05,0.0001731444527310401,0.00010867324791711276,1.0,1.0,1.0,18,18
MAWI,CountMin,4.0,499999,71429,12819,1360,1360,1.166949125006795,2.3339029178194255,68.2164755441142,486.0,63.0,0.0009550249274680341,0.006803959176244942,0.0008819947080317518,0.0010043441988893168,0.0009947239312770146,1.0,1.0,1.0,18,18
MAWI,Îą-CountMin,4.0,499999,71429,12819,3264,3264,0.7183095840155147,1.436622041275112,13.48591933848194,543.0,12.0,0.00018880173792831958,0.00760195438827367,0.00016799899200604796,0.00023854480935642,0.00017556920516321756,1.0,1.0,1.0,18,18
MAWI,CountSketch,4.0,499999,71429,12819,150000,150000,2.1126390409772284,4.225286532527522,0.06529370465714954,2.0,0.0,9.141063805618101e-07,2.7999832001007993e-05,0.0,3.6156086232287664e-06,1.537993544022104e-06,1.0,1.0,1.0,18,18
MAWI,Îą-CountSketch,4.0,499999,71429,12819,90000,90000,1.2812630420085043,2.5625312090794266,0.17403853654731258,40.0,0.0,2.436524892513021e-06,0.0005599966400201599,0.0,9.849499656027514e-06,2.828638056241494e-06,1.0,1.0,1.0,18,18
MAWI,LearnedISSÂą,4.0,499999,71429,12819,400,400,0.6285031660227105,1.2570088460631132,1.6097979561588267,46.0,1.0,2.2537036164006585e-05,0.0006439961360231839,1.3999916000503996e-05,4.051082237745995e-05,2.9988620135478784e-05,1.0,1.0,1.0,18,18
Zipf_s1.0,MisraGries,8.0,499998,33334,9581,517,800,0.0614947919966653,0.12299007595363443,2.090074104999478,25.0,1.0,6.270096913060173e-05,0.000749985000299994,2.999940001199976e-05,0.0001196742661867446,0.00042821907106586974,1.0,0.8888888888888888,0.9411764705882353,9,8
Zipf_s1.0,LazySSÂą,8.0,499998,33334,9581,800,800,0.38053583400323987,0.761074712305329,2.9838221480012526,25.0,1.0,8.951287418255393e-05,0.000749985000299994,2.999940001199976e-05,0.00018567945252928852,8.868335263042144e-05,1.0,1.0,1.0,9,9
Zipf_s1.0,SSÂą,8.0,499998,33334,9581,800,800,0.3824429159867577,0.7648888915290816,2.9838221480012526,25.0,1.0,8.951287418255393e-05,0.000749985000299994,2.999940001199976e-05,0.00018567945252928852,8.868335263042144e-05,1.0,1.0,1.0,9,9
Zipf_s1.0,DoubleSSÂą,8.0,499998,33334,9581,800,800,2.8319840829935856,5.663990821950459,16.238805970149254,461.0,1.0,0.0004871544360157573,0.01382972340553189,2.999940001199976e-05,0.0024282324766147895,0.0007193277266032048,0.02903225806451613,1.0,0.05642633228840126,9,310
Zipf_s1.0,IntegratedSSÂą,8.0,499998,33334,9581,800,800,0.6017938749864697,1.2035925643431968,2.9838221480012526,25.0,1.0,8.951287418255393e-05,0.000749985000299994,2.999940001199976e-05,0.00018567945252928852,8.868335263042144e-05,1.0,1.0,1.0,9,9
Zipf_s1.0,CountMin,8.0,499998,33334,9581,1360,1360,0.6435349169769324,1.287074982253794,51.810666944995305,137.0,51.0,0.0015542889225714077,0.004109917801643967,0.0015299694006119878,0.0015962981269478425,0.0015351909917462538,0.8181818181818182,1.0,0.9,9,11
Zipf_s1.0,Îą-CountMin,8.0,499998,33334,9581,4350,4350,0.2901340409880504,0.5802704030577129,5.026823922346311,79.0,4.0,0.0001508017016363566,0.002369952600947981,0.00011999760004799904,0.0001901299952352495,0.00013736870519684465,1.0,1.0,1.0,9,9
Zipf_s1.0,CountSketch,8.0,499998,33334,9581,150000,150000,1.0541872080066241,2.1083828495446464,0.04321052082246112,7.0,0.0,1.2962896988798562e-06,0.00020999580008399833,0.0,7.161491325075384e-06,1.8503259862204208e-06,1.0,1.0,1.0,9,9
Zipf_s1.0,Îą-CountSketch,8.0,499998,33334,9581,60000,60000,0.47075774997938424,0.9415192660358326,0.911700240058449,1481.0,0.0,2.735046019254962e-05,0.044429111417771644,0.0,0.0004926754052736585,4.0798068060958336e-05,0.8888888888888888,0.8888888888888888,0.8888888888888888,9,9
Zipf_s1.0,LearnedISSÂą,8.0,499998,33334,9581,800,800,3.041319250012748,6.082662830676819,1.747834255296942,22.0,1.0,5.2433978979328665e-05,0.0006599868002639947,2.999940001199976e-05,7.337448834372572e-05,4.31721730958073e-05,1.0,1.0,1.0,9,9
Zipf_s1.5,MisraGries,8.0,499998,33334,1415,605,800,0.05378829198889434,0.10757701428584583,1.132155477031802,2.0,1.0,3.396398503125344e-05,5.999880002399952e-05,2.999940001199976e-05,3.885748663431914e-05,5.87415503144908e-05,1.0,1.0,1.0,11,11
Zipf_s1.5,LazySSÂą,8.0,499998,33334,1415,800,800,0.07690504100173712,0.15381069724626323,0.9696113074204947,2.0,1.0,2.90877574674655e-05,5.999880002399952e-05,2.999940001199976e-05,3.4908573431019084e-05,1.5146394138175916e-06,1.0,1.0,1.0,11,11
Zipf_s1.5,SSÂą,8.0,499998,33334,1415,800,800,0.07755654101492837,0.1551137024846667,0.9696113074204947,2.0,1.0,2.90877574674655e-05,5.999880002399952e-05,2.999940001199976e-05,3.4908573431019084e-05,1.5146394138175916e-06,1.0,1.0,1.0,11,11
Zipf_s1.5,DoubleSSÂą,8.0,499998,33334,1415,800,800,0.3062472920282744,0.6124970340446849,10.19434628975265,62.0,1.0,0.0003058242722071354,0.0018599628007439852,2.999940001199976e-05,0.0007038298367938405,2.5519379214623662e-05,1.0,1.0,1.0,11,11
Zipf_s1.5,IntegratedSSÂą,8.0,499998,33334,1415,800,800,0.09680779103655368,0.1936163565385335,0.9696113074204947,2.0,1.0,2.90877574674655e-05,5.999880002399952e-05,2.999940001199976e-05,3.4908573431019084e-05,1.5146394138175916e-06,1.0,1.0,1.0,11,11
Zipf_s1.5,CountMin,8.0,499998,33334,1415,1360,1360,0.6063900419976562,1.212784935135053,4.6643109540636045,38.0,4.0,0.0001399265300913063,0.001139977200455991,0.00011999760004799904,0.00016700483769332698,0.00012304217826365258,1.0,1.0,1.0,11,11
Zipf_s1.5,Îą-CountMin,8.0,499998,33334,1415,4350,4350,0.2778167499927804,0.5556357225284508,0.28480565371024735,11.0,0.0,8.543998731332793e-06,0.00032999340013199736,0.0,2.4123754271111802e-05,2.3228070867874057e-06,1.0,1.0,1.0,11,11
Zipf_s1.5,CountSketch,8.0,499998,33334,1415,150000,150000,1.0229430419858545,2.0458942675487792,0.0,0.0,0.0,0.0,0.0,0.0,0.0,0.0,1.0,1.0,1.0,11,11
Zipf_s1.5,Îą-CountSketch,8.0,499998,33334,1415,60000,60000,0.44035712495679036,0.8807177727846718,5.777385159010601,6394.0,0.0,0.00017331808840854985,0.19181616367672646,0.0,0.0051449818589595995,9.951801923942322e-06,0.9166666666666666,1.0,0.9565217391304348,11,12
Zipf_s1.5,LearnedISSÂą,8.0,499998,33334,1415,749,800,0.7000331670278683,1.400071934343474,0.566077738515901,4.0,1.0,1.698199251562672e-05,0.00011999760004799904,2.999940001199976e-05,2.5080286587540002e-05,9.98960041198768e-07,1.0,1.0,1.0,11,11
Zipf_s2.0,MisraGries,8.0,499998,33334,245,245,800,0.0518212080351077,0.10364283064153797,0.0,0.0,0.0,0.0,0.0,0.0,0.0,0.0,1.0,1.0,1.0,7,7
Zipf_s2.0,LazySSÂą,8.0,499998,33334,245,245,800,0.056843208032660186,0.11368687081280363,0.0,0.0,0.0,0.0,0.0,0.0,0.0,0.0,1.0,1.0,1.0,7,7
Zipf_s2.0,SSÂą,8.0,499998,33334,245,245,800,0.057419000018853694,0.11483845939154497,0.0,0.0,0.0,0.0,0.0,0.0,0.0,0.0,1.0,1.0,1.0,7,7
Zipf_s2.0,DoubleSSÂą,8.0,499998,33334,245,800,800,0.06477762502618134,0.12955576827543577,0.9061224489795918,3.0,0.0,2.718312980679161e-05,8.999820003599928e-05,0.0,4.9461426930044864e-05,2.2409103626891283e-07,1.0,1.0,1.0,7,7
Zipf_s2.0,IntegratedSSÂą,8.0,499998,33334,245,245,800,0.06608625000808388,0.1321730287082826,0.0,0.0,0.0,0.0,0.0,0.0,0.0,0.0,1.0,1.0,1.0,7,7
Zipf_s2.0,CountMin,8.0,499998,33334,245,1360,1360,0.6034328329842538,1.2068704934504815,0.05714285714285714,2.0,0.0,1.7142514292571293e-06,5.999880002399952e-05,0.0,7.666365452690226e-06,5.579776806695821e-08,1.0,1.0,1.0,7,7
Zipf_s2.0,Îą-CountMin,8.0,499998,33334,245,4350,4350,0.27729387499857694,0.5545899683570273,0.0,0.0,0.0,0.0,0.0,0.0,0.0,0.0,1.0,1.0,1.0,7,7
Zipf_s2.0,CountSketch,8.0,499998,33334,245,150000,150000,1.0210954590002075,2.0421990867967623,0.0,0.0,0.0,0.0,0.0,0.0,0.0,0.0,1.0,1.0,1.0,7,7
Zipf_s2.0,Îą-CountSketch,8.0,499998,33334,245,60000,60000,0.4393749170121737,0.8787533490377435,0.02040816326530612,4.0,0.0,6.122326533061175e-07,0.00011999760004799904,0.0,7.902308631506987e-06,1.0799568012959654e-08,1.0,1.0,1.0,7,7
Zipf_s2.0,LearnedISSÂą,8.0,499998,33334,245,674,800,0.16863233398180455,0.3372660170276772,0.0,0.0,0.0,0.0,0.0,0.0,0.0,0.0,1.0,1.0,1.0,7,7
Uniform,MisraGries,8.0,499998,33334,24299,490,800,0.06358524999814108,0.1271710086803169,1.3515371002921932,8.0,1.0,4.054530210272374e-05,0.00023999520009599807,2.999940001199976e-05,4.489455249182156e-05,4.928022877113706e-05,1.0,1.0,1.0,0,0
Uniform,LazySSÂą,8.0,499998,33334,24299,800,800,0.7477772500133142,1.4955604822685575,2.6333593975060703,41.0,1.0,7.89992019411433e-05,0.0012299754004919902,2.999940001199976e-05,0.00022219723784552026,9.529538814635599e-05,1.0,1.0,1.0,0,0
Uniform,SSÂą,8.0,499998,33334,24299,800,800,0.7468437079805881,1.4936933907347392,2.6333593975060703,41.0,1.0,7.89992019411433e-05,0.0012299754004919902,2.999940001199976e-05,0.00022219723784552026,9.529538814635599e-05,1.0,1.0,1.0,0,0
Uniform,DoubleSSÂą,8.0,499998,33334,24299,800,800,5.292652083968278,10.585346509322592,12.194246676817976,666.0,1.0,0.0003658200839028611,0.019979600407991842,2.999940001199976e-05,0.0025472214788149713,0.0004511654532014058,0.0,1.0,0.0,0,396
Uniform,IntegratedSSÂą,8.0,499998,33334,24299,800,800,1.2124640829861164,2.4249378657236957,2.6333593975060703,41.0,1.0,7.89992019411433e-05,0.0012299754004919902,2.999940001199976e-05,0.00022219723784552026,9.529538814635599e-05,1.0,1.0,1.0,0,0
Uniform,CountMin,8.0,499998,33334,24299,1360,1360,0.6375078340061009,1.275020768095274,108.91518169471995,137.0,109.0,0.003267390103039538,0.004109917801643967,0.003269934601307974,0.0032749411531889706,0.003268462260202207,1.0,1.0,1.0,0,0
Uniform,Îą-CountMin,8.0,499998,33334,24299,4350,4350,0.2847545000258833,0.5695112780968791,12.500308654677147,25.0,12.0,0.00037500175960512237,0.000749985000299994,0.0003599928001439971,0.00038600938583243163,0.00037463071462156286,1.0,1.0,1.0,0,0
Uniform,CountSketch,8.0,499998,33334,24299,150000,150000,1.0473467499832623,2.09470187877404,0.2034651631754393,3.0,0.0,6.103832818606807e-06,8.999820003599928e-05,0.0,1.4463243981989587e-05,6.099955999320045e-06,1.0,1.0,1.0,0,0
Uniform,Îą-CountSketch,8.0,499998,33334,24299,60000,60000,0.4552833749912679,0.9105703922641049,0.5042182805876785,4.0,0.0,1.5126245892712503e-05,0.00011999760004799904,0.0,2.2694440533704015e-05,1.5353385858424307e-05,1.0,1.0,1.0,0,0
Uniform,LearnedISSÂą,8.0,499998,33334,24299,800,800,5.308458374987822,10.616959217812514,2.2042882423144987,34.0,1.0,6.61273247229405e-05,0.0010199796004079918,2.999940001199976e-05,0.00016717487743391355,7.990240387188416e-05,1.0,1.0,1.0,0,0
Binomial,MisraGries,8.0,499998,33334,18,18,800,0.05312399996910244,0.10624842493190462,0.0,0.0,0.0,0.0,0.0,0.0,0.0,0.0,1.0,1.0,1.0,11,11
Binomial,LazySSÂą,8.0,499998,33334,18,18,800,0.05555791698861867,0.11111627844235111,0.0,0.0,0.0,0.0,0.0,0.0,0.0,0.0,1.0,1.0,1.0,11,11
Binomial,SSÂą,8.0,499998,33334,18,18,800,0.05671675002668053,0.11343395378917621,0.0,0.0,0.0,0.0,0.0,0.0,0.0,0.0,1.0,1.0,1.0,11,11
Binomial,DoubleSSÂą,8.0,499998,33334,18,38,800,0.05931358301313594,0.11862764053683403,0.0,0.0,0.0,0.0,0.0,0.0,0.0,0.0,1.0,1.0,1.0,11,11
Binomial,IntegratedSSÂą,8.0,499998,33334,18,18,800,0.06387962499866262,0.12775976103636938,0.0,0.0,0.0,0.0,0.0,0.0,0.0,0.0,1.0,1.0,1.0,11,11
Binomial,CountMin,8.0,499998,33334,18,1360,1360,0.6233627499896102,1.246730486901168,0.0,0.0,0.0,0.0,0.0,0.0,0.0,0.0,1.0,1.0,1.0,11,11
Binomial,Îą-CountMin,8.0,499998,33334,18,4350,4350,0.2760812910273671,0.5521647907138971,0.0,0.0,0.0,0.0,0.0,0.0,0.0,0.0,1.0,1.0,1.0,11,11
Binomial,CountSketch,8.0,499998,33334,18,150000,150000,1.0211837079841644,2.042375585470671,0.0,0.0,0.0,0.0,0.0,0.0,0.0,0.0,1.0,1.0,1.0,11,11
Binomial,Îą-CountSketch,8.0,499998,33334,18,60000,60000,0.4386159160058014,0.8772353409529666,0.0,0.0,0.0,0.0,0.0,0.0,0.0,0.0,1.0,1.0,1.0,11,11
Binomial,LearnedISSÂą,8.0,499998,33334,18,19,800,0.1505346249905415,0.3010704542629,0.0,0.0,0.0,0.0,0.0,0.0,0.0,0.0,1.0,1.0,1.0,11,11
MAWI,MisraGries,8.0,499998,33334,6376,401,800,0.060459583008196205,0.1209196496949912,1.8844102885821832,15.0,1.0,5.6531178033904816e-05,0.0004499910001799964,2.999940001199976e-05,9.895692073669425e-05,0.0003356397742747731,1.0,1.0,1.0,16,16
MAWI,LazySSÂą,8.0,499998,33334,6376,800,800,0.21168391598621383,0.42336952545052947,2.3717063989962357,15.0,1.0,7.114976897450758e-05,0.0004499910001799964,2.999940001199976e-05,0.00012801533759501397,4.73417063128108e-05,1.0,1.0,1.0,16,16
MAWI,SSÂą,8.0,499998,33334,6376,800,800,0.2128037919756025,0.4256092863883506,2.3717063989962357,15.0,1.0,7.114976897450758e-05,0.0004499910001799964,2.999940001199976e-05,0.00012801533759501397,4.73417063128108e-05,1.0,1.0,1.0,16,16
MAWI,DoubleSSÂą,8.0,499998,33334,6376,800,800,1.4574954159907065,2.9150024919913813,15.098023839397742,353.0,1.0,0.00045293165654880133,0.010589788204235916,2.999940001199976e-05,0.0020567757924475605,0.0007342851283011539,0.060836501901140684,1.0,0.1146953405017921,16,263
MAWI,IntegratedSSÂą,8.0,499998,33334,6376,800,800,0.3209008750272915,0.641804317271852,2.3717063989962357,15.0,1.0,7.114976897450758e-05,0.0004499910001799964,2.999940001199976e-05,0.00012801533759501397,4.73417063128108e-05,1.0,1.0,1.0,16,16
MAWI,CountMin,8.0,499998,33334,6376,1360,1360,1.154926625022199,2.309862489494356,29.829203262233374,231.0,28.0,0.0008948582007029872,0.006929861402771945,0.0008399832003359933,0.0009603674923307887,0.0009137676489285358,0.9411764705882353,1.0,0.9696969696969697,16,17
MAWI,Îą-CountMin,8.0,499998,33334,6376,4350,4350,0.49074366700369865,0.9814912599724372,3.1323713927227104,214.0,2.0,9.396926239643337e-05,0.006419871602567948,5.999880002399952e-05,0.0002154428349376302,9.330376781196601e-05,1.0,1.0,1.0,16,16
MAWI,CountSketch,8.0,499998,33334,6376,150000,150000,2.1077023340039887,4.215421529694096,0.01239021329987453,2.0,0.0,3.716989650169356e-07,5.999880002399952e-05,0.0,3.3812783530859025e-06,1.9889204423867364e-07,1.0,1.0,1.0,16,16
MAWI,Îą-CountSketch,8.0,499998,33334,6376,60000,60000,0.8730382079957053,1.7460834003250119,1.1718946047678795,484.0,0.0,3.515613502033598e-05,0.014519709605807883,0.0,0.00041262885820479077,2.2935582567523068e-05,0.9411764705882353,1.0,0.9696969696969697,16,17
MAWI,LearnedISSÂą,8.0,499998,33334,6376,800,800,2.0146545409807004,4.029325199262198,1.3015997490589712,13.0,1.0,3.904721152753859e-05,0.0003899922001559969,2.999940001199976e-05,4.9391018248310566e-05,1.7460201584952522e-05,1.0,1.0,1.0,16,16
